,v,vw,o,c,h,l,n,date,daily_return,abs_daily_return,year,day,is_outlier
0,57901,0.8828,0.87925,0.88478,0.88651,0.87902,57901,2022-01-03,,,2022,Monday,0
1,62051,0.8854,0.8846,0.88624,0.88709,0.883,62051,2022-01-04,0.0016501277153642135,0.0016501277153642135,2022,Tuesday,0
2,64819,0.8838,0.88627,0.8839,0.88673,0.8811,64819,2022-01-05,-0.002640368297526674,0.002640368297526674,2022,Wednesday,0
3,68551,0.8844,0.88409,0.8852,0.88613,0.8823,68551,2022-01-06,0.0014707546102499247,0.0014707546102499247,2022,Thursday,0
4,45968,0.8833,0.88531,0.88,0.88571,0.879662,45968,2022-01-07,-0.0058743786714866575,0.0058743786714866575,2022,Friday,0
5,64212,0.883,0.88074,0.8825,0.88606,0.8802,64212,2022-01-10,0.0028409090909089496,0.0028409090909089496,2022,Monday,0
6,57807,0.8815,0.8826,0.87978,0.8839,0.8789,57807,2022-01-11,-0.0030821529745042042,0.0030821529745042042,2022,Tuesday,0
7,60298,0.8775,0.87979,0.87411,0.88064,0.8729,60298,2022-01-12,-0.006444793016435857,0.006444793016435857,2022,Wednesday,0
8,62546,0.8725,0.87414,0.87282,0.87442,0.8709,62546,2022-01-13,-0.001475786800288259,0.001475786800288259,2022,Thursday,0
9,64606,0.8736,0.87283,0.87592,0.87728,0.8707,64606,2022-01-14,0.0035517059645746585,0.0035517059645746585,2022,Friday,0
10,46290,0.8761,0.87671,0.8762,0.87777,0.874355,46290,2022-01-17,0.00031966389624615843,0.00031966389624615843,2022,Monday,0
11,74512,0.8791,0.87638,0.8825,0.88377,0.8754,74512,2022-01-18,0.0071901392376170215,0.0071901392376170215,2022,Tuesday,0
12,63020,0.8818,0.88265,0.88156,0.88345,0.8803,63020,2022-01-19,-0.0010651558073653256,0.0010651558073653256,2022,Wednesday,0
13,63245,0.8816,0.88155,0.88391,0.88468,0.8794,63245,2022-01-20,0.0026657289350695557,0.0026657289350695557,2022,Thursday,0
14,61679,0.8821,0.88388,0.88144,0.88485,0.8801,61679,2022-01-21,-0.002794402145014696,0.002794402145014696,2022,Friday,0
15,74573,0.8835,0.88171,0.8828,0.88566,0.8816,74573,2022-01-24,0.0015429297513160911,0.0015429297513160911,2022,Monday,0
16,63165,0.8855,0.88307,0.88468,0.88778,0.8828,63165,2022-01-25,0.0021295876755778043,0.0021295876755778043,2022,Tuesday,0
17,66009,0.8865,0.88469,0.8895,0.89001,0.8839,66009,2022-01-26,0.005448297689560011,0.005448297689560011,2022,Wednesday,0
18,75688,0.8946,0.88959,0.8971,0.89825,0.8893,75688,2022-01-27,0.008544125913434675,0.008544125913434675,2022,Thursday,0
19,69525,0.8972,0.89727,0.897,0.89911,0.894855,69525,2022-01-28,-0.00011147029316682655,0.00011147029316682655,2022,Friday,0
20,75790,0.894,0.89664,0.8905,0.8973,0.8889,75790,2022-01-31,-0.007246376811594235,0.007246376811594235,2022,Monday,0
21,70656,0.8885,0.8905,0.887,0.89116,0.886368,70656,2022-02-01,-0.003930376193149843,0.003930376193149843,2022,Tuesday,0
22,63206,0.885,0.88703,0.88497,0.88755,0.8824,63206,2022-02-02,-0.00228861330326946,0.00228861330326946,2022,Wednesday,0
23,85786,0.8808,0.88496,0.8744,0.88749,0.8731,85786,2022-02-03,-0.011943907703086065,0.011943907703086065,2022,Thursday,0
24,46006,0.8733,0.87445,0.8733,0.87626,0.8715,46006,2022-02-04,-0.0012580054894785198,0.0012580054894785198,2022,Friday,0
25,79114,0.8744,0.87297,0.8739,0.87602,0.8724,79114,2022-02-07,0.0006870491240125176,0.0006870491240125176,2022,Monday,0
26,69612,0.8759,0.87398,0.87559,0.87744,0.8732,69612,2022-02-08,0.0019338597093487842,0.0019338597093487842,2022,Tuesday,0
27,63362,0.8749,0.87559,0.87553,0.87697,0.8735,63362,2022-02-09,-6.852522299238828e-05,6.852522299238828e-05,2022,Wednesday,0
28,61055,0.8737,0.87555,0.87627,0.87805,0.8698,61055,2022-02-10,0.0008452023345859594,0.0008452023345859594,2022,Thursday,0
29,95311,0.8787,0.87626,0.881,0.88261,0.875657,95311,2022-02-11,0.0053978796489666525,0.0053978796489666525,2022,Friday,0
30,99070,0.8833,0.87989,0.88445,0.88652,0.87953,99070,2022-02-14,0.003916004540295059,0.003916004540295059,2022,Monday,0
31,76866,0.8817,0.88444,0.88062,0.88468,0.87943,76866,2022-02-15,-0.004330374809203508,0.004330374809203508,2022,Tuesday,0
32,69667,0.8793,0.88063,0.87926,0.88141,0.8773,69667,2022-02-16,-0.0015443664690785175,0.0015443664690785175,2022,Wednesday,0
33,89001,0.88,0.87925,0.8798,0.88311,0.878,89001,2022-02-17,0.0006141528103178473,0.0006141528103178473,2022,Thursday,0
34,69105,0.8809,0.87998,0.8831,0.88377,0.8788,69105,2022-02-18,0.0037508524664695564,0.0037508524664695564,2022,Friday,0
35,64986,0.8814,0.88355,0.8842,0.88521,0.87786,64986,2022-02-21,0.0012456120484656275,0.0012456120484656275,2022,Monday,0
36,94062,0.8827,0.8842,0.88266,0.88587,0.8796,94062,2022-02-22,-0.0017416874010405259,0.0017416874010405259,2022,Tuesday,0
37,69674,0.8826,0.88268,0.88451,0.88491,0.8801,69674,2022-02-23,0.0020959372804931764,0.0020959372804931764,2022,Wednesday,0
38,161103,0.8926,0.88448,0.8934,0.90033,0.8844,161103,2022-02-24,0.010050762569105975,0.010050762569105975,2022,Thursday,0
39,109977,0.8916,0.89355,0.88707,0.89554,0.8868,109977,2022-02-25,-0.0070852921423774085,0.0070852921423774085,2022,Friday,0
40,131325,0.8936,0.89435,0.89168,0.89745,0.8891,131325,2022-02-28,0.00519688412413899,0.00519688412413899,2022,Monday,0
41,109205,0.8958,0.89169,0.89825,0.90167,0.890076,109205,2022-03-01,0.007368114121657943,0.007368114121657943,2022,Tuesday,0
42,122457,0.9008,0.8983,0.89986,0.90431,0.8969,122457,2022-03-02,0.0017923740606735628,0.0017923740606735628,2022,Wednesday,0
43,92776,0.9026,0.89987,0.9034,0.90631,0.8994,92776,2022-03-03,0.003933945280376827,0.003933945280376827,2022,Thursday,0
44,123729,0.9113,0.90368,0.91314,0.91859,0.9034,123729,2022-03-04,0.010781492140801374,0.010781492140801374,2022,Friday,0
45,168011,0.9199,0.91959,0.92,0.92534,0.91467,168011,2022-03-07,0.007512539150623221,0.007512539150623221,2022,Monday,0
46,142012,0.918,0.92023,0.91758,0.9217,0.912326,142012,2022-03-08,-0.002630434782608826,0.002630434782608826,2022,Tuesday,0
47,110463,0.9093,0.91764,0.90302,0.91767,0.9011,110463,2022-03-09,-0.01586782623858396,0.01586782623858396,2022,Wednesday,1
48,116487,0.9059,0.90302,0.90794,0.91103,0.899,116487,2022-03-10,0.005448384310424936,0.005448384310424936,2022,Thursday,0
49,104418,0.911,0.90798,0.91638,0.91725,0.905387,104418,2022-03-11,0.00929576844284874,0.00929576844284874,2022,Friday,0
50,96687,0.9133,0.91474,0.91381,0.91735,0.9094,96687,2022-03-14,-0.0028045134114668135,0.0028045134114668135,2022,Monday,0
51,102302,0.911,0.9138,0.9118,0.91523,0.907276,102302,2022-03-15,-0.0021995819699937025,0.0021995819699937025,2022,Tuesday,0
52,118558,0.9096,0.91179,0.90727,0.91322,0.905059,118558,2022-03-16,-0.004968194779557011,0.004968194779557011,2022,Wednesday,0
53,84939,0.904,0.90725,0.90094,0.90738,0.897666,84939,2022-03-17,-0.006976974880686049,0.006976974880686049,2022,Thursday,0
54,82893,0.9044,0.90093,0.9038,0.90877,0.8992,82893,2022-03-18,0.003174462228339392,0.003174462228339392,2022,Friday,0
55,75530,0.9058,0.90559,0.90766,0.90822,0.903261,75530,2022-03-21,0.004270856384155808,0.004270856384155808,2022,Monday,0
56,83308,0.9083,0.90767,0.90664,0.91229,0.9051,83308,2022-03-22,-0.001123768812110293,0.001123768812110293,2022,Tuesday,0
57,73419,0.9086,0.90663,0.90857,0.91204,0.905551,73419,2022-03-23,0.002128739080561104,0.002128739080561104,2022,Wednesday,0
58,80711,0.9099,0.90859,0.90835,0.91192,0.9078,80711,2022-03-24,-0.00024213874550116365,0.00024213874550116365,2022,Thursday,0
59,76189,0.9082,0.90831,0.9103,0.91065,0.9058,76189,2022-03-25,0.0021467496009248688,0.0021467496009248688,2022,Friday,0
60,88701,0.9115,0.9103,0.90978,0.91366,0.9089,88701,2022-03-28,-0.0005712402504668423,0.0005712402504668423,2022,Monday,0
61,105317,0.9045,0.90968,0.90156,0.91162,0.897666,105317,2022-03-29,-0.009035151355272664,0.009035151355272664,2022,Tuesday,0
62,93559,0.8982,0.9016,0.89591,0.90184,0.895,93559,2022-03-30,-0.006266915124894634,0.006266915124894634,2022,Wednesday,0
63,96601,0.8994,0.89593,0.9029,0.90404,0.8939,96601,2022-03-31,0.007802122981103166,0.007802122981103166,2022,Thursday,0
64,40882,0.9048,0.90305,0.905,0.90678,0.902772,40882,2022-04-01,0.0023258389633402654,0.0023258389633402654,2022,Friday,0
65,71007,0.9083,0.90527,0.91112,0.91234,0.9044,71007,2022-04-04,0.00676243093922646,0.00676243093922646,2022,Monday,0
66,76608,0.9129,0.91113,0.9169,0.91739,0.9098,76608,2022-04-05,0.0063438405478970505,0.0063438405478970505,2022,Tuesday,0
67,95875,0.917,0.91689,0.9176,0.91956,0.9141,95875,2022-04-06,0.0007634420329369895,0.0007634420329369895,2022,Wednesday,0
68,93291,0.9174,0.91759,0.9204,0.92073,0.91414,93291,2022-04-07,0.0030514385353095363,0.0030514385353095363,2022,Thursday,0
69,80934,0.9203,0.9201,0.91944,0.9228,0.9179,80934,2022-04-08,-0.0010430247718382635,0.0010430247718382635,2022,Friday,0
70,81927,0.918,0.91872,0.91935,0.91971,0.9145,81927,2022-04-11,-9.788566953805589e-05,9.788566953805589e-05,2022,Monday,0
71,100559,0.9205,0.91933,0.92366,0.92407,0.9171,100559,2022-04-12,0.00468809484962196,0.00468809484962196,2022,Tuesday,0
72,89694,0.9221,0.92369,0.9178,0.9251,0.9174,89694,2022-04-13,-0.006344325834181541,0.006344325834181541,2022,Wednesday,0
73,113208,0.9214,0.91775,0.92408,0.92952,0.9152,113208,2022-04-14,0.006842449335367151,0.006842449335367151,2022,Thursday,0
74,71831,0.925,0.92401,0.9245,0.92617,0.9237,71831,2022-04-15,0.00045450610336761343,0.00045450610336761343,2022,Friday,0
75,57039,0.9263,0.92465,0.9276,0.92847,0.9244,57039,2022-04-18,0.003353163872363396,0.003353163872363396,2022,Monday,0
76,80594,0.9268,0.92764,0.92639,0.92923,0.9246,80594,2022-04-19,-0.0013044415696420453,0.0013044415696420453,2022,Tuesday,0
77,88967,0.9231,0.92637,0.92166,0.92726,0.92,88967,2022-04-20,-0.005105840952514651,0.005105840952514651,2022,Wednesday,0
78,98686,0.9202,0.92173,0.92289,0.92386,0.9142,98686,2022-04-21,0.00133454853199666,0.00133454853199666,2022,Thursday,0
79,90009,0.9249,0.9229,0.9257,0.92838,0.9213,90009,2022-04-22,0.0030447832352717974,0.0030447832352717974,2022,Friday,0
80,112792,0.9311,0.92507,0.9333,0.93487,0.9246,112792,2022-04-25,0.008210003240790797,0.008210003240790797,2022,Monday,0
81,92645,0.9359,0.93345,0.93958,0.94025,0.931,92645,2022-04-26,0.006728811743276442,0.006728811743276442,2022,Tuesday,0
82,106076,0.9443,0.93959,0.9472,0.951,0.9384,106076,2022-04-27,0.008110006598693209,0.008110006598693209,2022,Wednesday,0
83,124822,0.9509,0.94745,0.9519,0.95499,0.9463,124822,2022-04-28,0.004961993243243201,0.004961993243243201,2022,Thursday,0
84,102007,0.9483,0.95205,0.9482,0.95216,0.9439,102007,2022-04-29,-0.0038869629162726627,0.0038869629162726627,2022,Friday,0
85,96889,0.9504,0.94918,0.95145,0.95325,0.9461,96889,2022-05-02,0.0034275469310272033,0.0034275469310272033,2022,Monday,0
86,103994,0.95,0.95148,0.95005,0.95307,0.9452,103994,2022-05-03,-0.001471438330968633,0.001471438330968633,2022,Tuesday,0
87,115890,0.9477,0.95007,0.94155,0.9518,0.9405,115890,2022-05-04,-0.008946897531708853,0.008946897531708853,2022,Wednesday,0
88,124751,0.9465,0.94147,0.94876,0.95299,0.9395,124751,2022-05-05,0.00765758589559784,0.00765758589559784,2022,Thursday,0
89,133231,0.9474,0.94876,0.948,0.95388,0.9431,133231,2022-05-06,-0.0008010455752772705,0.0008010455752772705,2022,Friday,0
90,112251,0.949,0.94943,0.94665,0.95278,0.944,112251,2022-05-09,-0.0014240506329114,0.0014240506329114,2022,Monday,0
91,116204,0.9476,0.94664,0.94972,0.95006,0.9446,116204,2022-05-10,0.003243014841810554,0.003243014841810554,2022,Tuesday,0
92,129676,0.9486,0.94972,0.9512,0.95215,0.9453,129676,2022-05-11,0.0015583540411912011,0.0015583540411912011,2022,Wednesday,0
93,142054,0.9581,0.95125,0.9634,0.96579,0.9495,142054,2022-05-12,0.012825904121110066,0.012825904121110066,2022,Thursday,0
94,105222,0.9623,0.96349,0.9604,0.96616,0.9595,105222,2022-05-13,-0.003113971351463518,0.003113971351463518,2022,Friday,0
95,94156,0.96,0.96166,0.95789,0.9625,0.9573,94156,2022-05-16,-0.0026134943773428176,0.0026134943773428176,2022,Monday,0
96,107303,0.952,0.95789,0.94792,0.95856,0.9472,107303,2022-05-17,-0.010408293227823662,0.010408293227823662,2022,Tuesday,0
97,93662,0.9513,0.9479,0.95479,0.95596,0.9464,93662,2022-05-18,0.007247447041944577,0.007247447041944577,2022,Wednesday,0
98,119507,0.9493,0.95479,0.94518,0.95555,0.9425,119507,2022-05-19,-0.010065040480105591,0.010065040480105591,2022,Thursday,0
99,93636,0.9463,0.94517,0.9466,0.94938,0.9433,93636,2022-05-20,0.0015023593389618117,0.0015023593389618117,2022,Friday,0
100,88871,0.9394,0.94613,0.9358,0.94621,0.9346,88871,2022-05-23,-0.01140925417282912,0.01140925417282912,2022,Monday,0
101,91534,0.9332,0.9355,0.9317,0.93796,0.9302,91534,2022-05-24,-0.0043812780508655225,0.0043812780508655225,2022,Tuesday,0
102,99211,0.9362,0.93169,0.93568,0.93959,0.9312,99211,2022-05-25,0.004271761296554599,0.004271761296554599,2022,Wednesday,0
103,87363,0.9342,0.93574,0.93171,0.93783,0.9314,87363,2022-05-26,-0.004242903556771482,0.004242903556771482,2022,Thursday,0
104,75093,0.9319,0.93168,0.9312,0.93477,0.9287,75093,2022-05-27,-0.0005473806227259681,0.0005473806227259681,2022,Friday,0
105,55754,0.9292,0.93198,0.92821,0.9322,0.9268,55754,2022-05-30,-0.0032109106529210063,0.0032109106529210063,2022,Monday,0
106,91698,0.9321,0.9282,0.93158,0.93636,0.9278,91698,2022-05-31,0.003630643927559518,0.003630643927559518,2022,Tuesday,0
107,71643,0.9353,0.93153,0.93884,0.94098,0.93115,71643,2022-06-01,0.007793211533094313,0.007793211533094313,2022,Wednesday,0
108,65647,0.9348,0.93886,0.93,0.93938,0.9294,65647,2022-06-02,-0.009415874909462718,0.009415874909462718,2022,Thursday,0
109,61475,0.9313,0.93016,0.9327,0.93417,0.9288,61475,2022-06-03,0.002903225806451637,0.002903225806451637,2022,Friday,0
110,62297,0.9332,0.93231,0.93545,0.9374,0.9299,62297,2022-06-06,0.0029484292913048993,0.0029484292913048993,2022,Monday,0
111,65724,0.9357,0.93544,0.93477,0.9383,0.933184,65724,2022-06-07,-0.0007269228713453479,0.0007269228713453479,2022,Tuesday,0
112,75297,0.9335,0.93476,0.933,0.93703,0.9301,75297,2022-06-08,-0.001893513912513134,0.001893513912513134,2022,Wednesday,0
113,101754,0.9353,0.93305,0.9414,0.94236,0.928,101754,2022-06-09,0.009003215434083556,0.009003215434083556,2022,Thursday,0
114,96817,0.9461,0.94165,0.95045,0.95183,0.9394,96817,2022-06-10,0.009613341831315125,0.009613341831315125,2022,Friday,0
115,115182,0.9563,0.95314,0.9601,0.96152,0.952562,115182,2022-06-13,0.010153085380609106,0.010153085380609106,2022,Monday,0
116,119073,0.9584,0.96013,0.95809,0.96177,0.9537,119073,2022-06-14,-0.002093531923757941,0.002093531923757941,2022,Tuesday,0
117,149055,0.9576,0.95807,0.9562,0.96527,0.951475,149055,2022-06-15,-0.0019726748009059047,0.0019726748009059047,2022,Wednesday,0
118,142421,0.9556,0.95619,0.94814,0.96322,0.9431,142421,2022-06-16,-0.00842919891236149,0.00842919891236149,2022,Thursday,0
119,114766,0.9518,0.94809,0.9527,0.95739,0.9474,114766,2022-06-17,0.004809416330921579,0.004809416330921579,2022,Friday,0
120,85557,0.9506,0.95324,0.9507,0.95372,0.948,85557,2022-06-20,-0.0020992967355936143,0.0020992967355936143,2022,Monday,0
121,92844,0.9482,0.95077,0.94951,0.95115,0.9447,92844,2022-06-21,-0.001251709266856027,0.001251709266856027,2022,Tuesday,0
122,111054,0.9492,0.9495,0.94651,0.95517,0.942863,111054,2022-06-22,-0.0031595243862624356,0.0031595243862624356,2022,Wednesday,0
123,126780,0.9498,0.94654,0.95058,0.95389,0.9448,126780,2022-06-23,0.004300007395590111,0.004300007395590111,2022,Thursday,0
124,94317,0.9488,0.95061,0.9471,0.95125,0.9457,94317,2022-06-24,-0.0036609228050242804,0.0036609228050242804,2022,Friday,0
125,93064,0.9454,0.9462,0.94516,0.94781,0.9419,93064,2022-06-27,-0.0020483581459191935,0.0020483581459191935,2022,Monday,0
126,103475,0.9471,0.9449,0.9503,0.95201,0.942774,103475,2022-06-28,0.0054382326801811764,0.0054382326801811764,2022,Tuesday,0
127,111184,0.9527,0.9504,0.95728,0.95826,0.9489,111184,2022-06-29,0.0073450489319162315,0.0073450489319162315,2022,Wednesday,0
128,115025,0.9576,0.9573,0.9542,0.9631,0.9532,115025,2022-06-30,-0.003217449440080178,0.003217449440080178,2022,Thursday,0
129,113921,0.9584,0.95432,0.9588,0.96464,0.9542,113921,2022-07-01,0.004820792286732267,0.004820792286732267,2022,Friday,0
130,81857,0.9582,0.95852,0.95848,0.96,0.955566,81857,2022-07-04,-0.0003337505214852099,0.0003337505214852099,2022,Monday,0
131,124089,0.9687,0.95848,0.97493,0.97702,0.9568,124089,2022-07-05,0.01716259076871718,0.01716259076871718,2022,Tuesday,1
132,126101,0.9788,0.97497,0.9817,0.9841,0.973,126101,2022-07-06,0.006944088293518558,0.006944088293518558,2022,Wednesday,0
133,110881,0.9817,0.98183,0.9832,0.98577,0.978186,110881,2022-07-07,0.0015279616990933054,0.0015279616990933054,2022,Thursday,0
134,119682,0.9851,0.9834,0.9814,0.99277,0.981,119682,2022-07-08,-0.0018307567127745505,0.0018307567127745505,2022,Friday,0
135,116807,0.99,0.98348,0.99537,0.99661,0.9833,116807,2022-07-11,0.014234766659873666,0.014234766659873666,2022,Monday,1
136,134868,0.9967,0.99541,0.99694,0.99998,0.992457,134868,2022-07-12,0.0015773029124848126,0.0015773029124848126,2022,Tuesday,0
137,144397,0.9952,0.9966,0.99656,1.00018,0.9878,144397,2022-07-13,-0.00038116636908946955,0.00038116636908946955,2022,Wednesday,0
138,152257,0.9985,0.99652,0.99732,1.00479,0.9949,152257,2022-07-14,0.0007626234245805552,0.0007626234245805552,2022,Thursday,0
139,117352,0.9949,0.9973,0.99121,0.99929,0.990099,117352,2022-07-15,-0.006126418802390399,0.006126418802390399,2022,Friday,0
140,113465,0.9863,0.9903,0.9853,0.99191,0.980104,113465,2022-07-18,-0.005962409580210104,0.005962409580210104,2022,Monday,0
141,124369,0.9789,0.98551,0.9771,0.98814,0.9736,124369,2022-07-19,-0.008322338374099236,0.008322338374099236,2022,Tuesday,0
142,120708,0.9789,0.97737,0.98218,0.98468,0.973236,120708,2022-07-20,0.00519905843823576,0.00519905843823576,2022,Wednesday,0
143,144217,0.9801,0.98219,0.97842,0.98482,0.9727,144217,2022-07-21,-0.003828218860086885,0.003828218860086885,2022,Thursday,0
144,133280,0.981,0.97843,0.9789,0.98713,0.9749,133280,2022-07-22,0.0004905868645368461,0.0004905868645368461,2022,Friday,0
145,122090,0.9786,0.98041,0.9779,0.98237,0.97478,122090,2022-07-25,-0.0010215548064154145,0.0010215548064154145,2022,Monday,0
146,111437,0.9835,0.97814,0.98725,0.98931,0.9753,111437,2022-07-26,0.009561304836895435,0.009561304836895435,2022,Tuesday,0
147,123104,0.985,0.98725,0.9797,0.99041,0.978186,123104,2022-07-27,-0.007647505697644941,0.007647505697644941,2022,Wednesday,0
148,141929,0.9826,0.97986,0.98111,0.98865,0.9768,141929,2022-07-28,0.0014392160865570602,0.0014392160865570602,2022,Thursday,0
149,133040,0.98,0.98107,0.9778,0.98554,0.9749,133040,2022-07-29,-0.003373729755073329,0.003373729755073329,2022,Friday,0
150,117171,0.9759,0.97935,0.97435,0.9796,0.973,117171,2022-08-01,-0.003528328901615807,0.003528328901615807,2022,Monday,0
151,146397,0.9779,0.97426,0.98453,0.98472,0.9713,146397,2022-08-02,0.010447990968337928,0.010447990968337928,2022,Tuesday,0
152,129929,0.9833,0.98454,0.98454,0.98785,0.97924,129929,2022-08-03,1.0157130813537307e-05,1.0157130813537307e-05,2022,Wednesday,0
153,119590,0.9809,0.98457,0.97581,0.98479,0.975,119590,2022-08-04,-0.00886708513620571,0.00886708513620571,2022,Thursday,0
154,111022,0.9805,0.97582,0.9818,0.98599,0.9755,111022,2022-08-05,0.006138490074912184,0.006138490074912184,2022,Friday,0
155,99711,0.9812,0.98304,0.9804,0.98428,0.978091,99711,2022-08-08,-0.0014259523324505752,0.0014259523324505752,2022,Monday,0
156,85175,0.9786,0.98054,0.97959,0.98144,0.97561,85175,2022-08-09,-0.0008261933904529783,0.0008261933904529783,2022,Tuesday,0
157,44065,0.9735,0.9793,0.9707,0.98018,0.9642,44065,2022-08-10,-0.009075225349380767,0.009075225349380767,2022,Wednesday,0
158,54553,0.9689,0.97095,0.9687,0.97314,0.9645,54553,2022-08-11,-0.002060368806016233,0.002060368806016233,2022,Thursday,0
159,44546,0.9722,0.96889,0.97429,0.97662,0.9683,44546,2022-08-12,0.005770620419118355,0.005770620419118355,2022,Friday,0
160,69405,0.9791,0.97523,0.98407,0.98481,0.9737,69405,2022-08-15,0.010038079011382761,0.010038079011382761,2022,Monday,0
161,63245,0.9846,0.98408,0.98327,0.98788,0.9807,63245,2022-08-16,-0.000812950298251125,0.000812950298251125,2022,Tuesday,0
162,59505,0.983,0.98327,0.98252,0.98564,0.9799,59505,2022-08-17,-0.0007627609913859468,0.0007627609913859468,2022,Wednesday,0
163,48849,0.9856,0.9825,0.9894,0.99197,0.9808,48849,2022-08-18,0.0070024019867280796,0.0070024019867280796,2022,Thursday,0
164,60555,0.9936,0.9911,0.9958,1.004,0.9889,60555,2022-08-19,0.006468566808166543,0.006468566808166543,2022,Friday,0
165,45149,1.0016,0.99668,1.0059,1.0074,0.99556,45149,2022-08-22,0.01014259891544489,0.01014259891544489,2022,Monday,0
166,65724,1.0051,1.00617,1.00333,1.01005,0.99595,65724,2022-08-23,-0.002554925936971819,0.002554925936971819,2022,Tuesday,0
167,63941,1.005,1.00332,1.00319,1.00904,0.9952,63941,2022-08-24,-0.0001395353472934957,0.0001395353472934957,2022,Wednesday,0
168,108990,1.0015,1.00319,1.00293,1.00511,0.9964,108990,2022-08-25,-0.0002591732373726785,0.0002591732373726785,2022,Thursday,0
169,98367,0.9996,1.00292,1.0033,1.00434,0.99108,98367,2022-08-26,0.000368919067133211,0.000368919067133211,2022,Friday,0
170,117725,1.0029,1.00639,0.99888,1.00861,0.9969,117725,2022-08-29,-0.004405461975480973,0.004405461975480973,2022,Monday,0
171,128374,0.9984,0.99889,0.9974,1.0022,0.9945,128374,2022-08-30,-0.001481659458593687,0.001481659458593687,2022,Tuesday,0
172,132906,0.9975,0.99761,0.99616,1.00287,0.991965,132906,2022-08-31,-0.001243232404250949,0.001243232404250949,2022,Wednesday,0
173,131755,1.0011,0.99615,1.0046,1.00892,0.9949,131755,2022-09-01,0.008472534532605103,0.008472534532605103,2022,Thursday,0
174,123421,1.0014,1.00482,1.0041,1.00547,0.9945,123421,2022-09-02,-0.0004977105315547847,0.0004977105315547847,2022,Friday,0
175,108350,1.0082,1.00928,1.00496,1.01231,1.0046,108350,2022-09-05,0.0008564883975701321,0.0008564883975701321,2022,Monday,0
176,141557,1.007,1.00489,1.01035,1.01373,1.0011,141557,2022-09-06,0.005363397548161064,0.005363397548161064,2022,Tuesday,0
177,127866,1.0078,1.01033,1.00017,1.01259,0.9985,127866,2022-09-07,-0.010075716335923302,0.010075716335923302,2022,Wednesday,0
178,144532,1.0013,1.00014,0.99897,1.00697,0.9968,144532,2022-09-08,-0.0011997960346741277,0.0011997960346741277,2022,Thursday,0
179,123741,0.9938,0.99897,0.9849,1.0042,0.9847,123741,2022-09-09,-0.014084507042253502,0.014084507042253502,2022,Friday,0
180,122477,0.9873,0.99295,0.98719,0.99369,0.980392,122477,2022-09-12,0.0023251091481368835,0.0023251091481368835,2022,Monday,0
181,126263,0.9929,0.9872,1.00213,1.00441,0.9814,126263,2022-09-13,0.015133864808192898,0.015133864808192898,2022,Tuesday,1
182,133046,1.0009,1.00215,1.00175,1.00401,0.9968,133046,2022-09-14,-0.0003791923203576575,0.0003791923203576575,2022,Wednesday,0
183,109669,1.0012,1.00176,1.0012,1.00441,0.9968,109669,2022-09-15,-0.0005490391814323425,0.0005490391814323425,2022,Thursday,0
184,113429,1.0011,1.0012,0.99844,1.0055,0.9962,113429,2022-09-16,-0.002756691969636571,0.002756691969636571,2022,Friday,0
185,97068,1.0004,0.99774,0.99698,1.00335,0.9965,97068,2022-09-19,-0.0014622811586074702,0.0014622811586074702,2022,Monday,0
186,123054,1.0002,0.99693,1.0027,1.00446,0.9947,123054,2022-09-20,0.0057373267267146755,0.0057373267267146755,2022,Tuesday,0
187,141624,1.01,1.00284,1.01711,1.01903,1.0023,141624,2022-09-21,0.014371197766031685,0.014371197766031685,2022,Wednesday,1
188,166190,1.0156,1.0171,1.01636,1.01956,1.0092,166190,2022-09-22,-0.000737383370530309,0.000737383370530309,2022,Thursday,0
189,146346,1.0251,1.01636,1.0319,1.03431,1.0148,146346,2022-09-23,0.015289857924357664,0.015289857924357664,2022,Friday,1
190,215898,1.0369,1.03248,1.03946,1.04687,1.0307,215898,2022-09-26,0.007326291307297339,0.007326291307297339,2022,Monday,0
191,166670,1.0392,1.03949,1.04212,1.04496,1.03399,166670,2022-09-27,0.002559021030150266,0.002559021030150266,2022,Tuesday,0
192,201402,1.0409,1.0421,1.03029,1.04861,1.0253,201402,2022-09-28,-0.011351859670671316,0.011351859670671316,2022,Wednesday,0
193,178194,1.0286,1.03031,1.01733,1.03773,1.0155,178194,2022-09-29,-0.012578982616544776,0.012578982616544776,2022,Thursday,0
194,175802,1.0209,1.01729,1.0199,1.02724,1.0146,175802,2022-09-30,0.002526220597053097,0.002526220597053097,2022,Friday,0
195,155939,1.0202,1.0211,1.0167,1.02535,1.0156,155939,2022-10-03,-0.0031375625061281776,0.0031375625061281776,2022,Monday,0
196,151934,1.0095,1.01669,1.0015,1.01973,0.9998,151934,2022-10-04,-0.014950329497393389,0.014950329497393389,2022,Tuesday,1
197,145988,1.0083,1.00154,1.00887,1.01674,0.998,145988,2022-10-05,0.007358961557663468,0.007358961557663468,2022,Wednesday,0
198,161065,1.014,1.00884,1.0213,1.02177,1.0072,161065,2022-10-06,0.012320715255682346,0.012320715255682346,2022,Thursday,0
199,139048,1.0225,1.02147,1.02666,1.02808,1.0184,139048,2022-10-07,0.005248213061783913,0.005248213061783913,2022,Friday,0
200,135022,1.0296,1.02718,1.0295,1.03281,1.0251,135022,2022-10-10,0.002766251728907543,0.002766251728907543,2022,Monday,0
201,162354,1.0295,1.02959,1.03081,1.03408,1.0228,162354,2022-10-11,0.0012724623603690421,0.0012724623603690421,2022,Tuesday,0
202,155687,1.0305,1.03081,1.03036,1.03428,1.027116,155687,2022-10-12,-0.00043654989765340435,0.00043654989765340435,2022,Wednesday,0
203,175170,1.028,1.03042,1.02377,1.03817,1.019472,175170,2022-10-13,-0.006395822819208696,0.006395822819208696,2022,Thursday,0
204,167111,1.0255,1.02379,1.0283,1.03014,1.01945,167111,2022-10-14,0.004424821981499738,0.004424821981499738,2022,Friday,0
205,145210,1.0227,1.02668,1.01584,1.02874,1.0147,145210,2022-10-17,-0.012117086453369508,0.012117086453369508,2022,Monday,0
206,153596,1.0155,1.01583,1.01387,1.01904,1.0124,153596,2022-10-18,-0.0019392817766578085,0.0019392817766578085,2022,Tuesday,0
207,144977,1.02,1.0139,1.02398,1.02485,1.0132,144977,2022-10-19,0.009971692623314432,0.009971692623314432,2022,Wednesday,0
208,145583,1.0213,1.02398,1.0225,1.02512,1.0154,145583,2022-10-20,-0.0014453407293110176,0.0014453407293110176,2022,Thursday,0
209,179593,1.0213,1.02253,1.0139,1.03033,1.013069,179593,2022-10-21,-0.008410757946210157,0.008410757946210157,2022,Friday,0
210,136926,1.0152,1.01407,1.01167,1.01966,1.0105,136926,2022-10-24,-0.002199427951474431,0.002199427951474431,2022,Monday,0
211,118943,1.0092,1.01165,1.00378,1.01532,0.9966,118943,2022-10-25,-0.007798985835302252,0.007798985835302252,2022,Tuesday,0
212,122301,0.9978,1.0036,0.9907,1.00564,0.9904,122301,2022-10-26,-0.01303074378847946,0.01303074378847946,2022,Wednesday,0
213,138221,0.9975,0.9907,1.00326,1.00424,0.9905,138221,2022-10-27,0.012677904511961158,0.012677904511961158,2022,Thursday,0
214,141754,1.0039,1.00321,1.0034,1.00731,0.9973,141754,2022-10-28,0.00013954508302926882,0.00013954508302926882,2022,Friday,0
215,111758,1.0083,1.00453,1.0115,1.01285,1.0032,111758,2022-10-31,0.008072553318716258,0.008072553318716258,2022,Monday,0
216,135197,1.0096,1.01151,1.01239,1.01491,1.00452,135197,2022-11-01,0.0008798813643102754,0.0008798813643102754,2022,Tuesday,0
217,141278,1.0117,1.01236,1.01891,1.01933,1.0022,141278,2022-11-02,0.0064402058495245385,0.0064402058495245385,2022,Wednesday,0
218,135853,1.0233,1.01888,1.02568,1.02775,1.0161,135853,2022-11-03,0.0066443552423667285,0.0066443552423667285,2022,Thursday,0
219,147941,1.016,1.02564,1.0015,1.02586,1.0014,147941,2022-11-04,-0.023574604165041646,0.023574604165041646,2022,Friday,1
220,135187,1.0023,1.00716,0.9982,1.00827,0.9947,135187,2022-11-07,-0.0032950574138792543,0.0032950574138792543,2022,Monday,0
221,126292,0.997,0.99821,0.99198,1.0027,0.990197,126292,2022-11-08,-0.006231216189140465,0.006231216189140465,2022,Tuesday,0
222,147420,0.9954,0.99198,0.99803,1.0029,0.9911,147420,2022-11-09,0.006098913284541929,0.006098913284541929,2022,Wednesday,0
223,152967,0.9913,0.9978,0.98115,1.00647,0.9781,152967,2022-11-10,-0.016913319238900604,0.016913319238900604,2022,Thursday,1
224,156680,0.9736,0.98114,0.964,0.98389,0.9639,156680,2022-11-11,-0.01747948835550117,0.01747948835550117,2022,Friday,1
225,143421,0.9687,0.96832,0.96898,0.97351,0.965158,143421,2022-11-14,0.00516597510373451,0.00516597510373451,2022,Monday,0
226,176994,0.9639,0.96897,0.96545,0.97268,0.954,176994,2022-11-15,-0.0036430060475963755,0.0036430060475963755,2022,Tuesday,0
227,160780,0.9626,0.96542,0.962,0.96792,0.957854,160780,2022-11-16,-0.003573463151898104,0.003573463151898104,2022,Wednesday,0
228,140827,0.9656,0.96209,0.96513,0.97037,0.9607,140827,2022-11-17,0.0032536382536383357,0.0032536382536383357,2022,Thursday,0
229,117650,0.9652,0.96509,0.9665,0.96955,0.9617,117650,2022-11-18,0.0014194978914756629,0.0014194978914756629,2022,Friday,0
230,124543,0.9749,0.96792,0.97602,0.97819,0.96774,124543,2022-11-21,0.009849974133471218,0.009849974133471218,2022,Monday,0
231,109822,0.9736,0.97603,0.96983,0.97631,0.9696,109822,2022-11-22,-0.006342083154033729,0.006342083154033729,2022,Tuesday,0
232,124508,0.9665,0.96982,0.95985,0.97118,0.9595,124508,2022-11-23,-0.010290463277069173,0.010290463277069173,2022,Wednesday,0
233,94493,0.9599,0.95985,0.96078,0.96319,0.9568,94493,2022-11-24,0.0009689013908422694,0.0009689013908422694,2022,Thursday,0
234,105588,0.9613,0.96079,0.9601,0.96567,0.9586,105588,2022-11-25,-0.0007077582797310189,0.0007077582797310189,2022,Friday,0
235,124263,0.9613,0.96454,0.9666,0.96799,0.952472,124263,2022-11-28,0.006770128111655005,0.006770128111655005,2022,Monday,0
236,133767,0.9654,0.96675,0.9686,0.96905,0.9618,133767,2022-11-29,0.002069108214359572,0.002069108214359572,2022,Tuesday,0
237,147635,0.9651,0.96857,0.9592,0.97173,0.9585,147635,2022-11-30,-0.009704728474086322,0.009704728474086322,2022,Wednesday,0
238,105985,0.9538,0.95939,0.94981,0.95975,0.9487,105985,2022-12-01,-0.009789407839866593,0.009789407839866593,2022,Thursday,0
239,134927,0.9516,0.94982,0.9489,0.95886,0.948,134927,2022-12-02,-0.0009580863541129858,0.0009580863541129858,2022,Friday,0
240,121992,0.9486,0.94836,0.95267,0.95413,0.9436,121992,2022-12-05,0.003973021393192111,0.003973021393192111,2022,Monday,0
241,120033,0.9527,0.95266,0.9552,0.95603,0.9491,120033,2022-12-06,0.002655693996872044,0.002655693996872044,2022,Tuesday,0
242,127994,0.9528,0.9553,0.95126,0.95752,0.947867,127994,2022-12-07,-0.0041247906197655615,0.0041247906197655615,2022,Wednesday,0
243,114090,0.9501,0.95125,0.94732,0.95332,0.9464,114090,2022-12-08,-0.004141874986859473,0.004141874986859473,2022,Thursday,0
244,110820,0.9475,0.94735,0.948,0.95201,0.944198,110820,2022-12-09,0.0007178144660726637,0.0007178144660726637,2022,Friday,0
245,104096,0.9489,0.95043,0.9486,0.9518,0.9449,104096,2022-12-12,0.0006329113924050667,0.0006329113924050667,2022,Monday,0
246,134650,0.9437,0.94861,0.9412,0.9498,0.93668,134650,2022-12-13,-0.00780096985030565,0.00780096985030565,2022,Tuesday,0
247,133698,0.939,0.94121,0.93664,0.9438,0.934842,133698,2022-12-14,-0.004844878878028092,0.004844878878028092,2022,Wednesday,0
248,134064,0.9396,0.93665,0.93993,0.94406,0.9314,134064,2022-12-15,0.003512555517594773,0.003512555517594773,2022,Thursday,0
249,116167,0.9409,0.93992,0.9435,0.9447,0.9376,116167,2022-12-16,0.0037981551817687365,0.0037981551817687365,2022,Friday,0
250,106259,0.9421,0.94475,0.9422,0.94548,0.938086,106259,2022-12-19,-0.0013778484366718802,0.0013778484366718802,2022,Monday,0
251,148611,0.9417,0.94228,0.941,0.94523,0.937998,148611,2022-12-20,-0.0012736149437487798,0.0012736149437487798,2022,Tuesday,0
252,111116,0.9419,0.9411,0.94266,0.94424,0.9391,111116,2022-12-21,0.0017640807651435608,0.0017640807651435608,2022,Wednesday,0
253,111187,0.942,0.94266,0.9432,0.94572,0.937822,111187,2022-12-22,0.0005728470498376215,0.0005728470498376215,2022,Thursday,0
254,100972,0.9422,0.94325,0.9375,0.94455,0.9371,100972,2022-12-23,-0.0060432569974555594,0.0060432569974555594,2022,Friday,0
255,11147,0.9406,0.9407,0.93981,0.9427,0.9391,11147,2022-12-26,0.0024640000000000217,0.0024640000000000217,2022,Monday,0
256,84751,0.9393,0.93985,0.94,0.94231,0.936944,84751,2022-12-27,0.00020216852342480607,0.00020216852342480607,2022,Tuesday,0
257,94153,0.9401,0.9398,0.9408,0.94277,0.936593,94153,2022-12-28,0.0008510638297871687,0.0008510638297871687,2022,Wednesday,0
258,92885,0.9391,0.9408,0.93802,0.94236,0.9353,92885,2022-12-29,-0.0029549319727890655,0.0029549319727890655,2022,Thursday,0
259,105397,0.9367,0.93801,0.9321,0.93995,0.9321,105397,2022-12-30,-0.006311166073218022,0.006311166073218022,2022,Friday,0
260,40434,0.9365,0.93373,0.93658,0.93892,0.9334,40434,2023-01-02,,,2023,Monday,0
261,130722,0.945,0.93658,0.94824,0.95055,0.9361,130722,2023-01-03,0.01244955049221641,0.01244955049221641,2023,Tuesday,0
262,126329,0.9434,0.94823,0.94277,0.94826,0.9402,126329,2023-01-04,-0.005768581793638705,0.005768581793638705,2023,Wednesday,0
263,115050,0.9457,0.94283,0.9504,0.95101,0.9404,115050,2023-01-05,0.008093172247737979,0.008093172247737979,2023,Thursday,0
264,115576,0.9478,0.95043,0.9376,0.95387,0.9376,115576,2023-01-06,-0.013468013468013518,0.013468013468013518,2023,Friday,1
265,115124,0.9339,0.93781,0.93169,0.9388,0.929023,115124,2023-01-09,-0.006303327645051149,0.006303327645051149,2023,Monday,0
266,109121,0.9315,0.93168,0.9311,0.93349,0.929282,109121,2023-01-10,-0.0006332578432740599,0.0006332578432740599,2023,Tuesday,0
267,94537,0.9303,0.931,0.92885,0.93231,0.9277,94537,2023-01-11,-0.0024164966169047952,0.0024164966169047952,2023,Wednesday,0
268,128207,0.9263,0.92887,0.92079,0.93183,0.92,128207,2023-01-12,-0.008677396780965685,0.008677396780965685,2023,Thursday,0
269,107335,0.9233,0.92079,0.9217,0.92759,0.9199,107335,2023-01-13,0.000988281801496571,0.000988281801496571,2023,Friday,0
270,55250,0.924,0.92261,0.92334,0.92575,0.922254,55250,2023-01-16,0.0017793208202236954,0.0017793208202236954,2023,Monday,0
271,101050,0.9241,0.9244,0.9265,0.92809,0.919794,101050,2023-01-17,0.003422357961314404,0.003422357961314404,2023,Tuesday,0
272,133752,0.9241,0.9268,0.92611,0.9288,0.9182,133752,2023-01-18,-0.00042093901780893006,0.00042093901780893006,2023,Wednesday,0
273,109043,0.9249,0.92609,0.92303,0.9274,0.9223,109043,2023-01-19,-0.0033257388431179313,0.0033257388431179313,2023,Thursday,0
274,89306,0.9229,0.92302,0.9193,0.92571,0.9192,89306,2023-01-20,-0.004041038752803261,0.004041038752803261,2023,Friday,0
275,94612,0.9191,0.92041,0.9196,0.92191,0.91514,94612,2023-01-23,0.00032633525508529715,0.00032633525508529715,2023,Monday,0
276,89053,0.9197,0.91982,0.918,0.92287,0.9174,89053,2023-01-24,-0.0017398869073509404,0.0017398869073509404,2023,Tuesday,0
277,89270,0.9181,0.91824,0.91566,0.92103,0.9152,89270,2023-01-25,-0.0025490196078431504,0.0025490196078431504,2023,Wednesday,0
278,88670,0.9178,0.91564,0.9179,0.92157,0.9147,88670,2023-01-26,0.002446322870934603,0.002446322870934603,2023,Thursday,0
279,80651,0.9198,0.91796,0.9196,0.92265,0.9172,80651,2023-01-27,0.0018520536006099153,0.0018520536006099153,2023,Friday,0
280,89662,0.9194,0.91977,0.92163,0.92255,0.916086,89662,2023-01-30,0.002207481513701648,0.002207481513701648,2023,Monday,0
281,90719,0.9219,0.9216,0.92073,0.92573,0.919287,90719,2023-01-31,-0.000976530711890744,0.000976530711890744,2023,Tuesday,0
282,102540,0.9161,0.92073,0.9079,0.92144,0.9062,102540,2023-02-01,-0.013934595375408643,0.013934595375408643,2023,Wednesday,1
283,111719,0.9121,0.908,0.917,0.9186,0.9067,111719,2023-02-02,0.010023130300693905,0.010023130300693905,2023,Thursday,0
284,107344,0.9202,0.91701,0.9234,0.92652,0.9138,107344,2023-02-03,0.006979280261723009,0.006979280261723009,2023,Friday,0
285,97252,0.9293,0.92679,0.93201,0.93372,0.925754,97252,2023-02-06,0.009324236517219031,0.009324236517219031,2023,Monday,0
286,116920,0.9332,0.93202,0.9319,0.93728,0.928591,116920,2023-02-07,-0.0001180244847158729,0.0001180244847158729,2023,Tuesday,0
287,94021,0.9317,0.93188,0.9332,0.93372,0.9291,94021,2023-02-08,0.0013949994634618879,0.0013949994634618879,2023,Wednesday,0
288,93445,0.9301,0.93317,0.93113,0.93372,0.9264,93445,2023-02-09,-0.0022181740248606863,0.0022181740248606863,2023,Thursday,0
289,97329,0.9341,0.93112,0.9345,0.9375,0.9298,97329,2023-02-10,0.0036192583205352236,0.0036192583205352236,2023,Friday,0
290,67237,0.9349,0.93753,0.93185,0.93779,0.9314,67237,2023-02-13,-0.0028357410379882264,0.0028357410379882264,2023,Monday,0
291,119569,0.9309,0.93184,0.93148,0.93398,0.925241,119569,2023-02-14,-0.0003970596125986159,0.0003970596125986159,2023,Tuesday,0
292,102742,0.9346,0.93147,0.93529,0.93798,0.9305,102742,2023-02-15,0.004090264954695666,0.004090264954695666,2023,Wednesday,0
293,103263,0.9354,0.9353,0.93756,0.93852,0.932488,103263,2023-02-16,0.0024270547103038,0.0024270547103038,2023,Thursday,0
294,93695,0.9386,0.93758,0.9327,0.94224,0.9325,93695,2023-02-17,-0.005183668245232309,0.005183668245232309,2023,Friday,0
295,65251,0.9357,0.93593,0.9361,0.93713,0.933968,65251,2023-02-20,0.003645330760158716,0.003645330760158716,2023,Monday,0
296,102018,0.9379,0.93609,0.93882,0.94008,0.9346,102018,2023-02-21,0.0029056724708897974,0.0029056724708897974,2023,Tuesday,0
297,100868,0.94,0.93882,0.94288,0.94344,0.937559,100868,2023-02-22,0.004324577661319662,0.004324577661319662,2023,Wednesday,0
298,92576,0.9431,0.94286,0.94358,0.94538,0.9406,92576,2023-02-23,0.0007424062446970137,0.0007424062446970137,2023,Thursday,0
299,107005,0.946,0.94357,0.9446,0.94911,0.9419,107005,2023-02-24,0.0010809894232604034,0.0010809894232604034,2023,Friday,0
300,92466,0.9457,0.9475,0.9424,0.94938,0.9414,92466,2023-02-27,-0.0023290281600677476,0.0023290281600677476,2023,Monday,0
301,96072,0.9429,0.9423,0.94542,0.94566,0.9392,96072,2023-02-28,0.0032045840407470827,0.0032045840407470827,2023,Tuesday,0
302,109812,0.9393,0.94541,0.9373,0.94646,0.935,109812,2023-03-01,-0.008588775359099632,0.008588775359099632,2023,Wednesday,0
303,102017,0.9418,0.93729,0.94349,0.94548,0.9367,102017,2023-03-02,0.006604075536114307,0.006604075536114307,2023,Thursday,0
304,89225,0.9421,0.9435,0.9389,0.94444,0.9389,89225,2023-03-03,-0.004864916427307242,0.004864916427307242,2023,Friday,0
305,89193,0.9384,0.94107,0.9357,0.94137,0.934754,89193,2023-03-06,-0.003408243689423829,0.003408243689423829,2023,Monday,0
306,104450,0.9408,0.9356,0.9478,0.94818,0.9348,104450,2023-03-07,0.012931495137330273,0.012931495137330273,2023,Tuesday,1
307,96123,0.9483,0.94797,0.94791,0.95015,0.9455,96123,2023-03-08,0.00011605824013516397,0.00011605824013516397,2023,Wednesday,0
308,89779,0.9462,0.94792,0.94464,0.94891,0.9439,89779,2023-03-09,-0.0034496945912586563,0.0034496945912586563,2023,Thursday,0
309,134110,0.941,0.9445,0.9382,0.94572,0.93423,134110,2023-03-10,-0.006817411924119221,0.006817411924119221,2023,Friday,0
310,178476,0.934,0.93613,0.93254,0.93888,0.929973,178476,2023-03-13,-0.006032828821146863,0.006032828821146863,2023,Monday,0
311,137140,0.933,0.93253,0.9322,0.93639,0.9301,137140,2023-03-14,-0.000364595620563235,0.000364595620563235,2023,Tuesday,0
312,152976,0.942,0.93219,0.94499,0.95084,0.9291,152976,2023-03-15,0.013720231709933417,0.013720231709933417,2023,Wednesday,1
313,145025,0.943,0.94498,0.94215,0.94776,0.9401,145025,2023-03-16,-0.003005322807648758,0.003005322807648758,2023,Thursday,0
314,109951,0.9394,0.94214,0.9299,0.94233,0.9272,109951,2023-03-17,-0.013002175874330058,0.013002175874330058,2023,Friday,1
315,125538,0.9353,0.93622,0.93291,0.94057,0.931619,125538,2023-03-20,0.003236907194322125,0.003236907194322125,2023,Monday,0
316,86027,0.9301,0.93291,0.92825,0.9342,0.926612,86027,2023-03-21,-0.004995122787835871,0.004995122787835871,2023,Tuesday,0
317,101604,0.925,0.92825,0.92001,0.92941,0.91617,101604,2023-03-22,-0.008876918933476974,0.008876918933476974,2023,Wednesday,0
318,108759,0.919,0.91999,0.92293,0.9238,0.914746,108759,2023-03-23,0.0031738785447985585,0.0031738785447985585,2023,Thursday,0
319,108334,0.9282,0.92292,0.9275,0.93336,0.9225,108334,2023-03-24,0.0049516214664167,0.0049516214664167,2023,Friday,0
320,82579,0.9281,0.92782,0.92537,0.93066,0.925,82579,2023-03-27,-0.0022964959568733123,0.0022964959568733123,2023,Monday,0
321,79505,0.9236,0.92536,0.92257,0.92558,0.921489,79505,2023-03-28,-0.0030258167003469616,0.0030258167003469616,2023,Tuesday,0
322,81278,0.9224,0.92254,0.92225,0.92433,0.91954,81278,2023-03-29,-0.0003468571490510275,0.0003468571490510275,2023,Wednesday,0
323,78788,0.9193,0.92224,0.91704,0.92391,0.915,78788,2023-03-30,-0.005649227432908743,0.005649227432908743,2023,Thursday,0
324,81900,0.9189,0.91699,0.9198,0.92274,0.915,81900,2023-03-31,0.0030096833289714464,0.0030096833289714464,2023,Friday,0
325,84369,0.9213,0.92564,0.91683,0.9269,0.9159,84369,2023-04-03,-0.0032289628180037777,0.0032289628180037777,2023,Monday,0
326,84582,0.9154,0.9168,0.91257,0.91884,0.910996,84582,2023-04-04,-0.0046464448152875315,0.0046464448152875315,2023,Tuesday,0
327,80404,0.9142,0.91258,0.91715,0.91812,0.9115,80404,2023-04-05,0.005018793078887196,0.005018793078887196,2023,Wednesday,0
328,64732,0.9168,0.91713,0.91574,0.91869,0.914077,64732,2023-04-06,-0.0015373712042741072,0.0015373712042741072,2023,Thursday,0
329,28205,0.9165,0.91573,0.9093,0.91936,0.9093,28205,2023-04-07,-0.007032563828160865,0.007032563828160865,2023,Friday,0
330,55463,0.9193,0.91629,0.92002,0.92321,0.9158,55463,2023-04-10,0.011789288463653236,0.011789288463653236,2023,Monday,0
331,70294,0.9171,0.92,0.91602,0.92017,0.9149,70294,2023-04-11,-0.0043477315710528375,0.0043477315710528375,2023,Tuesday,0
332,75770,0.9125,0.9159,0.9091,0.91616,0.90876,75770,2023-04-12,-0.007554420209165635,0.007554420209165635,2023,Wednesday,0
333,71074,0.907,0.9093,0.9046,0.91098,0.903261,71074,2023-04-13,-0.004949950500495071,0.004949950500495071,2023,Thursday,0
334,74957,0.9063,0.9048,0.9005,0.91138,0.9005,74957,2023-04-14,-0.004532390006632747,0.004532390006632747,2023,Friday,0
335,70813,0.9126,0.91033,0.91533,0.91661,0.908843,70813,2023-04-17,0.016468628539700214,0.016468628539700214,2023,Monday,1
336,71472,0.9124,0.91532,0.91113,0.91552,0.9102,71472,2023-04-18,-0.004588509062305346,0.004588509062305346,2023,Tuesday,0
337,72494,0.9127,0.91112,0.91307,0.91592,0.9102,72494,2023-04-19,0.0021292241502310905,0.0021292241502310905,2023,Wednesday,0
338,73095,0.9119,0.91306,0.9115,0.91457,0.9097,73095,2023-04-20,-0.0017194738629021655,0.0017194738629021655,2023,Thursday,0
339,70916,0.9117,0.91174,0.901,0.91421,0.901,70916,2023-04-21,-0.011519473395501856,0.011519473395501856,2023,Friday,0
340,68375,0.9082,0.90978,0.90437,0.91186,0.9041,68375,2023-04-24,0.003740288568257366,0.003740288568257366,2023,Monday,0
341,76425,0.908,0.90433,0.91089,0.91207,0.9033,76425,2023-04-25,0.007209438614726338,0.007209438614726338,2023,Tuesday,0
342,86803,0.9063,0.91088,0.9052,0.91168,0.901144,86803,2023-04-26,-0.006246637903588814,0.006246637903588814,2023,Wednesday,0
343,80675,0.9064,0.90532,0.90645,0.90974,0.903669,80675,2023-04-27,0.0013809102960671282,0.0013809102960671282,2023,Thursday,0
344,91619,0.9083,0.90644,0.8986,0.91216,0.8984,91619,2023-04-28,-0.008660157758287879,0.008660157758287879,2023,Friday,0
345,63126,0.9095,0.90816,0.91164,0.91203,0.906,63126,2023-05-01,0.014511462274649611,0.014511462274649611,2023,Monday,1
346,70714,0.9105,0.91165,0.9081,0.91387,0.9077,70714,2023-05-02,-0.0038831117546399563,0.0038831117546399563,2023,Tuesday,0
347,87233,0.9054,0.90816,0.90342,0.90865,0.901388,87233,2023-05-03,-0.005153617443012903,0.005153617443012903,2023,Wednesday,0
348,96647,0.9056,0.9034,0.90717,0.91025,0.901388,96647,2023-05-04,0.004150893272232281,0.004150893272232281,2023,Thursday,0
349,76540,0.9076,0.90716,0.8919,0.91178,0.8917,76540,2023-05-05,-0.016832567214524308,0.016832567214524308,2023,Friday,1
350,63486,0.9065,0.90755,0.9092,0.90944,0.904486,63486,2023-05-08,0.019396793362484566,0.019396793362484566,2023,Monday,1
351,69231,0.9113,0.90936,0.91198,0.91392,0.90876,69231,2023-05-09,0.0030576330840299537,0.0030576330840299537,2023,Tuesday,0
352,78273,0.9113,0.91198,0.91046,0.91393,0.9083,78273,2023-05-10,-0.001666703217175769,0.001666703217175769,2023,Wednesday,0
353,82986,0.9146,0.9105,0.91635,0.91736,0.9091,82986,2023-05-11,0.006469257298508335,0.006469257298508335,2023,Thursday,0
354,69499,0.9179,0.91636,0.914,0.9218,0.914,69499,2023-05-12,-0.0025645222895182007,0.0025645222895182007,2023,Friday,0
355,63644,0.9199,0.92137,0.9195,0.92178,0.918,63644,2023-05-15,0.006017505470459428,0.006017505470459428,2023,Monday,0
356,73181,0.9194,0.91962,0.92033,0.92119,0.9168,73181,2023-05-16,0.0009026644915715032,0.0009026644915715032,2023,Tuesday,0
357,75067,0.9225,0.92032,0.92265,0.92504,0.9195,75067,2023-05-17,0.0025208349179097755,0.0025208349179097755,2023,Wednesday,0
358,68454,0.9257,0.92266,0.92804,0.92913,0.9215,68454,2023-05-18,0.005841868530862104,0.005841868530862104,2023,Thursday,0
359,79728,0.9263,0.9278,0.9238,0.92932,0.923191,79728,2023-05-19,-0.004568768587560945,0.004568768587560945,2023,Friday,0
360,76227,0.9246,0.92382,0.92499,0.92627,0.923,76227,2023-05-22,0.0012881576098722203,0.0012881576098722203,2023,Monday,0
361,79579,0.927,0.92498,0.9284,0.92934,0.9239,79579,2023-05-23,0.0036865263408252247,0.0036865263408252247,2023,Tuesday,0
362,85462,0.9285,0.92853,0.9296,0.93089,0.925669,85462,2023-05-24,0.0012925463162429818,0.0012925463162429818,2023,Wednesday,0
363,82457,0.9321,0.92971,0.9325,0.93388,0.9297,82457,2023-05-25,0.0031196213425128683,0.0031196213425128683,2023,Thursday,0
364,59735,0.932,0.93249,0.9317,0.9344,0.929282,59735,2023-05-26,-0.0008579088471850627,0.0008579088471850627,2023,Friday,0
365,41319,0.9327,0.9327,0.93395,0.93407,0.9305,41319,2023-05-29,0.0024149404314692813,0.0024149404314692813,2023,Monday,0
366,82882,0.9331,0.93397,0.93178,0.93692,0.930233,82882,2023-05-30,-0.002323464853578816,0.002323464853578816,2023,Tuesday,0
367,96637,0.9362,0.9316,0.9349,0.94026,0.9312,96637,2023-05-31,0.0033484298868831086,0.0033484298868831086,2023,Wednesday,0
368,83900,0.9334,0.93512,0.92928,0.93791,0.9281,83900,2023-06-01,-0.006011338111027831,0.006011338111027831,2023,Thursday,0
369,71295,0.9302,0.92932,0.9322,0.9341,0.927558,71295,2023-06-02,0.003142217630853983,0.003142217630853983,2023,Friday,0
370,71501,0.9345,0.93481,0.93355,0.93679,0.932488,71501,2023-06-05,0.001448187084316599,0.001448187084316599,2023,Monday,0
371,68808,0.9347,0.9333,0.9347,0.93747,0.931532,68808,2023-06-06,0.0012318568903646465,0.0012318568903646465,2023,Tuesday,0
372,74265,0.9344,0.93468,0.93394,0.93731,0.9309,74265,2023-06-07,-0.0008130951107306883,0.0008130951107306883,2023,Wednesday,0
373,72634,0.9307,0.93392,0.9273,0.93445,0.9268,72634,2023-06-08,-0.007109664432404683,0.007109664432404683,2023,Thursday,0
374,59405,0.9287,0.92744,0.9288,0.93076,0.927,59405,2023-06-09,0.0016175994823681705,0.0016175994823681705,2023,Friday,0
375,65793,0.9295,0.93019,0.92913,0.93166,0.9266,65793,2023-06-12,0.00035529715762283587,0.00035529715762283587,2023,Monday,0
376,78796,0.9264,0.92914,0.92678,0.9294,0.9238,78796,2023-06-13,-0.0025292477909442113,0.0025292477909442113,2023,Tuesday,0
377,79027,0.9242,0.92677,0.92224,0.92812,0.920217,79027,2023-06-14,-0.0048986814562248515,0.0048986814562248515,2023,Wednesday,0
378,79873,0.9199,0.92223,0.91358,0.92557,0.9126,79873,2023-06-15,-0.009390180430256745,0.009390180430256745,2023,Thursday,0
379,71431,0.9137,0.91355,0.9122,0.91587,0.911245,71431,2023-06-16,-0.0015105409487947696,0.0015105409487947696,2023,Friday,0
380,32759,0.9154,0.914,0.91539,0.9167,0.9132,32759,2023-06-19,0.0034970401227800707,0.0034970401227800707,2023,Monday,0
381,76364,0.9157,0.91542,0.91572,0.91799,0.9133,76364,2023-06-20,0.0003605020810801829,0.0003605020810801829,2023,Tuesday,0
382,80445,0.9144,0.91574,0.90976,0.91693,0.9083,80445,2023-06-21,-0.0065085397283012325,0.0065085397283012325,2023,Wednesday,0
383,74319,0.9107,0.90974,0.91276,0.91331,0.9079,74319,2023-06-22,0.0032975729862820824,0.0032975729862820824,2023,Thursday,0
384,78928,0.9178,0.91274,0.9146,0.9221,0.9123,78928,2023-06-23,0.0020158639730047945,0.0020158639730047945,2023,Friday,0
385,66122,0.9168,0.91683,0.9165,0.9185,0.915416,66122,2023-06-26,0.00207741089000657,0.00207741089000657,2023,Monday,0
386,69255,0.9138,0.91656,0.91258,0.91724,0.911162,69255,2023-06-27,-0.004277141298417941,0.004277141298417941,2023,Tuesday,0
387,74980,0.9144,0.91257,0.91612,0.91762,0.912,74980,2023-06-28,0.003879111968265958,0.003879111968265958,2023,Wednesday,0
388,78279,0.9179,0.9159,0.92,0.92075,0.9137,78279,2023-06-29,0.004235253023621377,0.004235253023621377,2023,Thursday,0
389,75914,0.9186,0.92014,0.9159,0.92285,0.914495,75914,2023-06-30,-0.00445652173913047,0.00445652173913047,2023,Friday,0
390,66279,0.9171,0.91675,0.91632,0.91987,0.9143,66279,2023-07-03,0.00045856534556176776,0.00045856534556176776,2023,Monday,0
391,49341,0.9174,0.9163,0.9187,0.91935,0.9158,49341,2023-07-04,0.0025973459053605374,0.0025973459053605374,2023,Tuesday,0
392,55495,0.9194,0.91885,0.92118,0.92157,0.91659,55495,2023-07-05,0.002699466637640091,0.002699466637640091,2023,Wednesday,0
393,71399,0.9201,0.92116,0.9182,0.92304,0.917179,71399,2023-07-06,-0.003234981219739863,0.003234981219739863,2023,Thursday,0
394,76823,0.9163,0.91827,0.9111,0.92015,0.9109,76823,2023-07-07,-0.007732520148115873,0.007732520148115873,2023,Friday,0
395,82515,0.9116,0.91178,0.90862,0.91376,0.9082,82515,2023-07-10,-0.0027219844144441563,0.0027219844144441563,2023,Monday,0
396,74390,0.9088,0.90861,0.90793,0.91094,0.906783,74390,2023-07-11,-0.0007593933657634722,0.0007593933657634722,2023,Tuesday,0
397,82724,0.9033,0.90794,0.89759,0.90807,0.8973,82724,2023-07-12,-0.011388543169627674,0.011388543169627674,2023,Wednesday,0
398,78678,0.8947,0.89756,0.89096,0.89846,0.8902,78678,2023-07-13,-0.007386445927427876,0.007386445927427876,2023,Thursday,0
399,116361,0.8906,0.89093,0.889,0.89247,0.8889,116361,2023-07-14,-0.0021998742928974746,0.0021998742928974746,2023,Friday,0
400,100064,0.8903,0.89065,0.88985,0.89251,0.888652,100064,2023-07-17,0.0009561304836895879,0.0009561304836895879,2023,Monday,0
401,128010,0.8896,0.88984,0.89059,0.89214,0.886682,128010,2023-07-18,0.0008316008316007206,0.0008316008316007206,2023,Tuesday,0
402,121323,0.8918,0.89057,0.89244,0.89486,0.8894,121323,2023-07-19,0.002077274615704283,0.002077274615704283,2023,Wednesday,0
403,119991,0.8943,0.89242,0.89808,0.89937,0.8903,119991,2023-07-20,0.006319752588409333,0.006319752588409333,2023,Thursday,0
404,107054,0.8985,0.89808,0.8981,0.90027,0.897,107054,2023-07-21,2.226973098173879e-05,2.226973098173879e-05,2023,Friday,0
405,118745,0.9014,0.89889,0.90388,0.90415,0.8969,118745,2023-07-24,0.006435808929963205,0.006435808929963205,2023,Monday,0
406,109475,0.9044,0.90387,0.90495,0.90731,0.9017,109475,2023-07-25,0.0011837854582466,0.0011837854582466,2023,Tuesday,0
407,128266,0.9034,0.90493,0.90267,0.90595,0.900171,128266,2023-07-26,-0.0025194762141554916,0.0025194762141554916,2023,Wednesday,0
408,156010,0.9048,0.90266,0.91087,0.9119,0.89662,156010,2023-07-27,0.009084161432195481,0.009084161432195481,2023,Thursday,0
409,153104,0.9095,0.91085,0.9064,0.91377,0.905,153104,2023-07-28,-0.004907396225586447,0.004907396225586447,2023,Friday,0
410,123215,0.9075,0.9071,0.9092,0.90961,0.9051,123215,2023-07-31,0.0030891438658429138,0.0030891438658429138,2023,Monday,0
411,114122,0.9108,0.90932,0.90842,0.913,0.9073,114122,2023-08-01,-0.0008578970523537288,0.0008578970523537288,2023,Tuesday,0
412,137450,0.9118,0.90844,0.91374,0.91587,0.9083,137450,2023-08-02,0.0058563219656107,0.0058563219656107,2023,Wednesday,0
413,136857,0.9145,0.91376,0.91313,0.91637,0.911993,136857,2023-08-03,-0.0006675859653730853,0.0006675859653730853,2023,Thursday,0
414,123775,0.9105,0.91314,0.9069,0.91449,0.9054,123775,2023-08-04,-0.006822686802536282,0.006822686802536282,2023,Friday,0
415,108137,0.9096,0.90886,0.90885,0.91193,0.9077,108137,2023-08-07,0.002150181938471718,0.002150181938471718,2023,Monday,0
416,125402,0.9119,0.90883,0.91246,0.91496,0.907935,125402,2023-08-08,0.003972052593937292,0.003972052593937292,2023,Tuesday,0
417,109194,0.911,0.91245,0.91095,0.91278,0.909174,109194,2023-08-09,-0.0016548670626658213,0.0016548670626658213,2023,Wednesday,0
418,132467,0.9085,0.91094,0.91059,0.91177,0.90374,132467,2023-08-10,-0.00039519183270220193,0.00039519183270220193,2023,Thursday,0
419,118247,0.911,0.91057,0.912,0.91381,0.90843,118247,2023-08-11,0.001548446611537635,0.001548446611537635,2023,Friday,0
420,126911,0.9153,0.91377,0.91674,0.91953,0.912159,126911,2023-08-14,0.005197368421052673,0.005197368421052673,2023,Monday,0
421,133663,0.9155,0.91675,0.9169,0.91769,0.9128,133663,2023-08-15,0.00017453149202606433,0.00017453149202606433,2023,Tuesday,0
422,136658,0.9169,0.91708,0.91955,0.91981,0.9143,136658,2023-08-16,0.0028901734104045396,0.0028901734104045396,2023,Wednesday,0
423,139058,0.9191,0.91952,0.91956,0.9211,0.915667,139058,2023-08-17,1.0874884454503686e-05,1.0874884454503686e-05,2023,Thursday,0
424,124918,0.9196,0.91956,0.9183,0.92206,0.9177,124918,2023-08-18,-0.0013702205402583711,0.0013702205402583711,2023,Friday,0
425,116256,0.9182,0.91951,0.9176,0.91997,0.916003,116256,2023-08-21,-0.0007622781226178654,0.0007622781226178654,2023,Monday,0
426,117689,0.919,0.91759,0.92194,0.92307,0.914662,117689,2023-08-22,0.004729729729729737,0.004729729729729737,2023,Tuesday,0
427,130852,0.9224,0.92193,0.92032,0.92571,0.91954,130852,2023-08-23,-0.0017571642406229993,0.0017571642406229993,2023,Wednesday,0
428,120933,0.9223,0.92031,0.92597,0.92651,0.919033,120933,2023-08-24,0.0061391689847007935,0.0061391689847007935,2023,Thursday,0
429,120247,0.9264,0.92599,0.9263,0.92882,0.922169,120247,2023-08-25,0.0003563830361674736,0.0003563830361674736,2023,Friday,0
430,101839,0.9251,0.92615,0.92371,0.92623,0.923,101839,2023-08-28,-0.002796070387563354,0.002796070387563354,2023,Monday,0
431,123001,0.9231,0.92369,0.9198,0.9274,0.917768,123001,2023-08-29,-0.004232930248671218,0.004232930248671218,2023,Tuesday,0
432,116864,0.9173,0.91999,0.91493,0.92119,0.9133,116864,2023-08-30,-0.005294629267231898,0.005294629267231898,2023,Wednesday,0
433,116678,0.9197,0.91493,0.92228,0.92291,0.9138,116678,2023-08-31,0.00803340146240683,0.00803340146240683,2023,Thursday,0
434,116569,0.9231,0.92228,0.9262,0.92829,0.91878,116569,2023-09-01,0.004250336123519993,0.004250336123519993,2023,Friday,0
435,58922,0.9264,0.92785,0.92663,0.92806,0.924898,58922,2023-09-04,0.00046426257827669737,0.00046426257827669737,2023,Monday,0
436,114953,0.9306,0.92664,0.93238,0.93399,0.9258,114953,2023-09-05,0.006205281503944393,0.006205281503944393,2023,Tuesday,0
437,101438,0.9322,0.93238,0.93247,0.93434,0.93006,101438,2023-09-06,9.652716703500985e-05,9.652716703500985e-05,2023,Wednesday,0
438,91986,0.934,0.93247,0.93475,0.93576,0.9315,91986,2023-09-07,0.0024451188778191746,0.0024451188778191746,2023,Thursday,0
439,98836,0.9336,0.93475,0.9334,0.9352,0.930492,98836,2023-09-08,-0.0014442364268520969,0.0014442364268520969,2023,Friday,0
440,106374,0.9316,0.9331,0.93041,0.93367,0.929282,106374,2023-09-11,-0.003203342618384508,0.003203342618384508,2023,Monday,0
441,102184,0.9321,0.93041,0.92993,0.9341,0.928,102184,2023-09-12,-0.0005159015917712839,0.0005159015917712839,2023,Tuesday,0
442,121126,0.931,0.92992,0.93167,0.93352,0.9287,121126,2023-09-13,0.0018711085780649395,0.0018711085780649395,2023,Wednesday,0
443,122190,0.9351,0.93168,0.94025,0.94056,0.929627,122190,2023-09-14,0.009209269376496021,0.009209269376496021,2023,Thursday,0
444,109830,0.938,0.94023,0.9368,0.94042,0.935366,109830,2023-09-15,-0.0036692369050784768,0.0036692369050784768,2023,Friday,0
445,98355,0.9369,0.93735,0.93524,0.93851,0.9344,98355,2023-09-18,-0.0016652433817250234,0.0016652433817250234,2023,Monday,0
446,96324,0.9356,0.93524,0.936,0.93676,0.9327,96324,2023-09-19,0.0008126256362004369,0.0008126256362004369,2023,Tuesday,0
447,117963,0.935,0.93616,0.93894,0.93913,0.931099,117963,2023-09-20,0.0031410256410255855,0.0031410256410255855,2023,Wednesday,0
448,126676,0.9389,0.93894,0.93803,0.94188,0.93668,126676,2023-09-21,-0.0009691780092444535,0.0009691780092444535,2023,Thursday,0
449,107437,0.939,0.9379,0.9369,0.94206,0.936768,107437,2023-09-22,-0.0012046523032313017,0.0012046523032313017,2023,Friday,0
450,103642,0.9417,0.93909,0.94412,0.94553,0.9383,103642,2023-09-25,0.007706265343152996,0.007706265343152996,2023,Monday,0
451,107879,0.9446,0.94414,0.94611,0.94677,0.9423,107879,2023-09-26,0.0021077829089521938,0.0021077829089521938,2023,Tuesday,0
452,123211,0.949,0.94609,0.95186,0.9534,0.945448,123211,2023-09-27,0.006077517413408673,0.006077517413408673,2023,Wednesday,0
453,129949,0.9489,0.95187,0.94673,0.95316,0.945001,129949,2023-09-28,-0.0053894480280713974,0.0053894480280713974,2023,Thursday,0
454,127735,0.9445,0.94675,0.9445,0.94712,0.9416,127735,2023-09-29,-0.002355476218140251,0.002355476218140251,2023,Friday,0
455,115135,0.9497,0.94654,0.95418,0.9546,0.9438,115135,2023-10-02,0.010248808893594585,0.010248808893594585,2023,Monday,0
456,125716,0.955,0.95416,0.955,0.95705,0.952653,125716,2023-10-03,0.0008593766375315504,0.0008593766375315504,2023,Tuesday,0
457,118565,0.9528,0.95524,0.9515,0.95681,0.9492,118565,2023-10-04,-0.003664921465968529,0.003664921465968529,2023,Wednesday,0
458,117934,0.9502,0.95173,0.948,0.95234,0.9474,117934,2023-10-05,-0.0036784025223332018,0.0036784025223332018,2023,Thursday,0
459,135644,0.9478,0.94816,0.9432,0.95393,0.943,135644,2023-10-06,-0.005063291139240422,0.005063291139240422,2023,Friday,0
460,120868,0.948,0.94636,0.94527,0.95056,0.945,120868,2023-10-09,0.002194656488549551,0.002194656488549551,2023,Monday,0
461,143589,0.9444,0.94526,0.943,0.94742,0.9414,143589,2023-10-10,-0.002401430279179606,0.002401430279179606,2023,Tuesday,0
462,130079,0.9426,0.94297,0.94126,0.94502,0.9401,130079,2023-10-11,-0.0018451749734887946,0.0018451749734887946,2023,Wednesday,0
463,128469,0.9448,0.94127,0.94914,0.95001,0.939673,128469,2023-10-12,0.008371757006565561,0.008371757006565561,2023,Thursday,0
464,124263,0.9499,0.94911,0.9509,0.95278,0.94688,124263,2023-10-13,0.001854310217670685,0.001854310217670685,2023,Friday,0
465,105896,0.9489,0.9503,0.94745,0.95095,0.9464,105896,2023-10-16,-0.0036281417604374644,0.0036281417604374644,2023,Monday,0
466,123469,0.9468,0.94744,0.9458,0.9494,0.943574,123469,2023-10-17,-0.001741516702728374,0.001741516702728374,2023,Tuesday,0
467,105261,0.9469,0.9458,0.94892,0.95026,0.943663,105261,2023-10-18,0.003298794671177774,0.003298794671177774,2023,Wednesday,0
468,102693,0.9465,0.9489,0.94457,0.9498,0.94193,102693,2023-10-19,-0.004584158833199847,0.004584158833199847,2023,Thursday,0
469,87824,0.9448,0.9446,0.9431,0.94649,0.942863,87824,2023-10-20,-0.0015562636967084709,0.0015562636967084709,2023,Friday,0
470,88615,0.9418,0.94432,0.937,0.94591,0.9363,88615,2023-10-23,-0.006468030961721993,0.006468030961721993,2023,Monday,0
471,91513,0.9407,0.93715,0.94381,0.94486,0.93489,91513,2023-10-24,0.0072678762006404,0.0072678762006404,2023,Tuesday,0
472,87490,0.945,0.94381,0.94638,0.94692,0.9425,87490,2023-10-25,0.0027230056897045163,0.0027230056897045163,2023,Wednesday,0
473,90872,0.9482,0.94639,0.94657,0.9503,0.9459,90872,2023-10-26,0.00020076502039345634,0.00020076502039345634,2023,Thursday,0
474,82458,0.9463,0.94659,0.9452,0.94919,0.943396,82458,2023-10-27,-0.0014473308894218384,0.0014473308894218384,2023,Friday,0
475,81533,0.9443,0.94676,0.94212,0.9481,0.9409,81533,2023-10-30,-0.003258569614896456,0.003258569614896456,2023,Monday,0
476,96521,0.9427,0.9421,0.94531,0.94714,0.93668,96521,2023-10-31,0.003385980554494239,0.003385980554494239,2023,Tuesday,0
477,98232,0.9475,0.94532,0.94455,0.95079,0.9444,98232,2023-11-01,-0.0008039690683478984,0.0008039690683478984,2023,Wednesday,0
478,92682,0.9414,0.9445,0.94196,0.94481,0.9372,92682,2023-11-02,-0.0027420464771583664,0.0027420464771583664,2023,Thursday,0
479,87882,0.9359,0.94197,0.9312,0.94204,0.9303,87882,2023-11-03,-0.011422990360524854,0.011422990360524854,2023,Friday,0
480,81276,0.9312,0.93179,0.9327,0.93313,0.929454,81276,2023-11-06,0.0016108247422679245,0.0016108247422679245,2023,Monday,0
481,88915,0.9353,0.93293,0.93492,0.9377,0.9327,88915,2023-11-07,0.002380186555162478,0.002380186555162478,2023,Tuesday,0
482,87965,0.9355,0.93491,0.93357,0.93813,0.9329,87965,2023-11-08,-0.0014439738159414128,0.0014439738159414128,2023,Wednesday,0
483,91541,0.9349,0.9334,0.93743,0.93807,0.9321,91541,2023-11-09,0.004134665852587371,0.004134665852587371,2023,Thursday,0
484,82777,0.9367,0.93742,0.9332,0.93839,0.9332,82777,2023-11-10,-0.004512336921156712,0.004512336921156712,2023,Friday,0
485,76201,0.9356,0.93537,0.93442,0.9376,0.933794,76201,2023-11-13,0.0013073296185168726,0.0013073296185168726,2023,Monday,0
486,90791,0.9272,0.93437,0.91925,0.93517,0.918274,90791,2023-11-14,-0.01623466963463971,0.01623466963463971,2023,Tuesday,1
487,91104,0.9208,0.91926,0.9211,0.92316,0.91848,91104,2023-11-15,0.0020125101985313254,0.0020125101985313254,2023,Wednesday,0
488,88191,0.9212,0.92127,0.9212,0.92331,0.9176,88191,2023-11-16,0.000108565845185149,0.000108565845185149,2023,Thursday,0
489,85168,0.9201,0.92134,0.9159,0.92379,0.9157,85168,2023-11-17,-0.005753365175857561,0.005753365175857561,2023,Friday,0
490,85493,0.9149,0.91693,0.91363,0.9176,0.9128,85493,2023-11-20,-0.0024784365105360306,0.0024784365105360306,2023,Monday,0
491,89564,0.9139,0.91364,0.9159,0.91738,0.9117,89564,2023-11-21,0.0024845944200606596,0.0024845944200606596,2023,Tuesday,0
492,89669,0.918,0.91594,0.9182,0.92141,0.9153,89669,2023-11-22,0.0025111911780761886,0.0025111911780761886,2023,Wednesday,0
493,58267,0.9168,0.91841,0.9169,0.91851,0.914578,58267,2023-11-23,-0.0014158135482464917,0.0014158135482464917,2023,Thursday,0
494,66197,0.9157,0.91705,0.9132,0.91782,0.9102,66197,2023-11-24,-0.004035336459810246,0.004035336459810246,2023,Friday,0
495,80270,0.9137,0.91399,0.91244,0.91529,0.912159,80270,2023-11-27,-0.0008322382829609731,0.0008322382829609731,2023,Monday,0
496,90704,0.9116,0.91246,0.90871,0.91451,0.9081,90704,2023-11-28,-0.004087940028933423,0.004087940028933423,2023,Tuesday,0
497,92470,0.9104,0.90869,0.9112,0.91238,0.9074,92470,2023-11-29,0.002740148122063246,0.002740148122063246,2023,Wednesday,0
498,97656,0.9154,0.91125,0.9181,0.91913,0.9102,97656,2023-11-30,0.007572431957857839,0.007572431957857839,2023,Thursday,0
499,97501,0.9188,0.91809,0.9179,0.92341,0.9161,97501,2023-12-01,-0.00021784119376966338,0.00021784119376966338,2023,Friday,0
500,98003,0.9215,0.91854,0.9227,0.92557,0.9184,98003,2023-12-04,0.005229327813487172,0.005229327813487172,2023,Monday,0
501,98526,0.9244,0.92269,0.9263,0.92781,0.921574,98526,2023-12-05,0.0039015931505366197,0.0039015931505366197,2023,Tuesday,0
502,93293,0.927,0.92645,0.92879,0.92945,0.925241,93293,2023-12-06,0.0026881140019432426,0.0026881140019432426,2023,Wednesday,0
503,106015,0.9275,0.92877,0.92677,0.92974,0.9242,106015,2023-12-07,-0.002174872683814444,0.002174872683814444,2023,Thursday,0
504,102995,0.9284,0.92675,0.9281,0.93244,0.9258,102995,2023-12-08,0.0014350917703422894,0.0014350917703422894,2023,Friday,0
505,84162,0.9293,0.92886,0.92887,0.93092,0.9276,84162,2023-12-11,0.0008296519771575639,0.0008296519771575639,2023,Monday,0
506,88924,0.927,0.92886,0.92603,0.92924,0.92337,88924,2023-12-12,-0.0030574784415472456,0.0030574784415472456,2023,Tuesday,0
507,96731,0.925,0.92603,0.91886,0.92824,0.9175,96731,2023-12-13,-0.007742729717179819,0.007742729717179819,2023,Wednesday,0
508,123989,0.914,0.91884,0.9096,0.91917,0.9081,123989,2023-12-14,-0.010077704982260682,0.010077704982260682,2023,Thursday,0
509,104355,0.9138,0.90956,0.9167,0.91836,0.9085,104355,2023-12-15,0.007805628847845192,0.007805628847845192,2023,Friday,0
510,91693,0.9159,0.91783,0.91542,0.91791,0.914578,91693,2023-12-18,-0.001396312861350446,0.001396312861350446,2023,Monday,0
511,95228,0.913,0.91543,0.91077,0.91615,0.909835,95228,2023-12-19,-0.005079635577112218,0.005079635577112218,2023,Tuesday,0
512,92758,0.9126,0.91076,0.9136,0.9149,0.9107,92758,2023-12-20,0.0031072608891378195,0.0031072608891378195,2023,Wednesday,0
513,97508,0.9112,0.9137,0.90858,0.91444,0.9078,97508,2023-12-21,-0.005494746059544586,0.005494746059544586,2023,Thursday,0
514,89398,0.9079,0.90858,0.9069,0.90957,0.905551,89398,2023-12-22,-0.0018490391600078926,0.0018490391600078926,2023,Friday,0
515,6522,0.9078,0.9075,0.90747,0.9094,0.9016,6522,2023-12-25,0.0006285147204763142,0.0006285147204763142,2023,Monday,0
516,51232,0.9068,0.90747,0.9055,0.90833,0.9051,51232,2023-12-26,-0.002170870662391078,0.002170870662391078,2023,Tuesday,0
517,77389,0.9029,0.90557,0.90018,0.9067,0.898796,77389,2023-12-27,-0.00587520706791822,0.00587520706791822,2023,Wednesday,0
518,83788,0.9008,0.90018,0.90348,0.90453,0.8975,83788,2023-12-28,0.0036659334799706844,0.0036659334799706844,2023,Thursday,0
519,78410,0.904,0.90346,0.9058,0.90625,0.902,78410,2023-12-29,0.0025678487625626634,0.0025678487625626634,2023,Friday,0
