,Outlier Date,Outlier Price,Outlier Type,Actual Market Trend,Actual Slope,Predicted Market Trend,Predicted Slope,Position Type,Entry Date,Entry Price,Exit Date,Exit Price,Trading Days,Profit,model_RMSE,model_accuracy,theils_u,Pair
0,2022-03-14,1.388696,Positive,Momentum Continuation,44.47919720819677,Momentum Continuation,43.84224923968061,Long,2022-03-15,1.36957,2022-03-18,1.3701643,3,0.04339013713024161,0.03537918834965964,97.54,0.013181734353305996,USDAUD
1,2022-04-25,1.3931,Positive,Momentum Continuation,44.631293551824214,Momentum Continuation,43.93395749760858,Long,2022-04-26,1.374049,2022-05-11,1.3809648,11,0.5033159650255528,0.04546143810931554,97.08,0.016322482784131207,USDAUD
2,2022-05-04,1.379025,Negative,Mean Reversion,45.17765906213586,Mean Reversion,44.84534641849057,Long,2022-05-05,1.4014306,2022-05-05,1.4014306,0,0.0,0.02826041569610923,98.39,0.009882540210076429,USDAUD
3,2022-06-13,1.4405071,Positive,Momentum Continuation,45.969387239240184,Momentum Continuation,45.20179648834282,Long,2022-06-14,1.4126037,2022-06-29,1.4133184,11,0.05059166082337907,0.03456131186666325,97.82,0.01202185336571948,USDAUD
4,2022-07-11,1.4835,Positive,Momentum Continuation,48.05929161356789,Momentum Continuation,46.82402802678633,Long,2022-07-12,1.4631222,2022-07-27,1.4658482,11,0.18631107733298874,0.026802783898453694,98.38,0.009154630746895922,USDAUD
5,2022-08-02,1.45121,Positive,Momentum Continuation,46.42544713298319,Momentum Continuation,46.39400632645232,Long,2022-08-03,1.4484385,2022-08-09,1.4527935,4,0.30066541935344754,0.023059495033016426,98.78,0.0075178108513279,USDAUD
6,2022-08-29,1.4476599,Positive,Momentum Continuation,46.88025736047615,Momentum Continuation,45.83826173206255,Long,2022-08-30,1.4320458,2022-09-02,1.4326879,3,0.044835243798089564,0.04463318820169937,97.1,0.015282472304415252,USDAUD
7,2022-09-13,1.4828,Positive,Momentum Continuation,46.72136363965333,Momentum Continuation,47.096176825104806,Long,2022-09-14,1.4710544,2022-09-29,1.4735183,11,0.16748650071608015,0.05308686467685001,96.98,0.017526196804238222,USDAUD
8,2022-09-26,1.5451652,Positive,Momentum Continuation,49.16504922170865,Momentum Continuation,48.730244587829304,Long,2022-09-27,1.523401,2022-10-12,1.5285078,11,0.33522405994609683,0.0439220525429981,97.64,0.014181307369164772,USDAUD
9,2022-10-10,1.5880578,Positive,Momentum Continuation,51.38902069648108,Momentum Continuation,50.05804911246652,Long,2022-10-11,1.5648534,2022-10-26,1.5688637,11,0.25627446209482757,0.02251513382770259,98.69,0.006867039351191766,USDAUD
10,2022-10-21,1.5379174,Negative,Mean Reversion,46.428737349531374,Mean Reversion,47.23748466126096,Long,2022-10-24,1.5744629,2022-10-24,1.5744629,0,0.0,0.033539888990669856,98.27,0.010995080747813057,USDAUD
11,2022-10-24,1.5797788,Positive,Momentum Continuation,49.11158893096288,Momentum Continuation,50.274590857669246,Long,2022-10-25,1.5709978,2022-10-26,1.5710523,1,0.0034677734200858445,0.04300862244447886,97.8,0.014207437938874001,USDAUD
12,2022-11-04,1.5468,Negative,Mean Reversion,46.713497807428894,Mean Reversion,47.10213339943115,Long,2022-11-08,1.570134,2022-11-18,1.5719771,8,0.11738455281238158,0.07240353055087766,95.44,0.023709712619475774,USDAUD
13,2022-11-10,1.5136379,Negative,Mean Reversion,47.4188573935364,Mean Reversion,49.1705777754428,Long,2022-11-11,1.5355064,2022-11-11,1.5355064,0,0.0,0.04736539514964812,96.93,0.015772832706695078,USDAUD
14,2022-12-15,1.4912241,Positive,Momentum Continuation,47.77086632754201,Momentum Continuation,47.05862102014758,Long,2022-12-16,1.4705495,2022-12-21,1.4706025,3,0.0036073682076397896,0.015929039748918676,99.04,0.005377921431421885,USDAUD
15,2023-01-04,1.46432,Negative,Mean Reversion,46.91071348975489,Mean Reversion,47.144206574292056,Long,2023-01-05,1.4729897,2023-01-05,1.4729897,0,0.0,0.03921591862638848,97.48,0.01367985298001921,USDAUD
16,2023-01-06,1.4528549,Negative,Mean Reversion,43.295258433566595,Mean Reversion,43.98843380094113,Long,2023-01-09,1.465774,2023-01-09,1.465774,0,0.0,0.03630354824133332,97.68,0.012823634694633882,USDAUD
17,2023-01-30,1.4168119,Positive,Momentum Continuation,45.04778401016103,Momentum Continuation,45.01554229784995,Long,2023-01-31,1.4067453,2023-02-13,1.4068264,9,0.005762401769057343,0.035779992750515306,97.71,0.012496313191978891,USDAUD
18,2023-02-01,1.3990514,Negative,Mean Reversion,45.871444446281494,Mean Reversion,45.151104213681336,Long,2023-02-02,1.4106447,2023-02-02,1.4106447,0,0.0,0.040603005800998196,97.37,0.01408798292620528,USDAUD
19,2023-02-03,1.4438348,Positive,Momentum Continuation,43.52895998507271,Momentum Continuation,42.56367668983585,Long,2023-02-06,1.4187243,2023-02-06,1.4187243,0,0.0,0.03564840461342003,97.76,0.012317061559390592,USDAUD
20,2023-03-07,1.5172205,Positive,Momentum Continuation,48.8292232991001,Momentum Continuation,47.85719786442459,Long,2023-03-08,1.4974215,2023-03-29,1.5281514,15,2.0521870299544265,0.023468815329998716,98.58,0.006881618296595201,USDAUD
21,2023-03-17,1.4788524,Negative,Mean Reversion,44.94564742475436,Mean Reversion,43.98389458981114,Long,2023-03-20,1.4746464,2023-04-03,1.5135602,10,2.638851287417349,0.01560122513264552,99.18,0.004815642779621255,USDAUD
22,2023-04-03,1.47347,Negative,Mean Reversion,47.788341448385815,Mean Reversion,47.53804265948569,Long,2023-04-04,1.4851105,2023-04-04,1.4851105,0,0.0,0.011899148341493611,99.32,0.003983556399216682,USDAUD
23,2023-07-12,1.47215,Negative,Mean Reversion,46.70751219695027,Mean Reversion,47.59871741297446,Long,2023-07-13,1.4872111,2023-07-13,1.4872111,0,0.0,0.021363064920131417,98.86,0.0070228574926465455,USDAUD
24,2023-07-13,1.45167,Negative,Mean Reversion,46.88285397262955,Mean Reversion,47.11259746325699,Long,2023-07-14,1.4718857,2023-07-14,1.4718857,0,0.0,0.028717960848671915,98.56,0.009397825759954615,USDAUD
25,2023-08-01,1.51108,Positive,Momentum Continuation,48.39199253797617,Momentum Continuation,48.04521656887452,Long,2023-08-02,1.5014137,2023-08-02,1.5014137,0,0.0,0.04274133423089774,97.42,0.013953954896093796,USDAUD
26,2023-10-12,1.583255489938411,Positive,Momentum Continuation,50.34021456276481,Momentum Continuation,50.11704256503269,Long,2023-10-16,1.5653203,2023-10-18,1.5663985,2,0.06888354134969703,0.015532594725403793,99.11,0.005013840259477124,USDAUD
27,2023-11-01,1.557001837262168,Negative,Mean Reversion,49.382305153911354,Mean Reversion,50.18146898428432,Long,2023-11-02,1.5677078,2023-11-02,1.5677078,0,0.0,0.02696830314075972,98.49,0.008811753118658991,USDAUD
28,2023-11-14,1.5385,Negative,Mean Reversion,49.6624554613024,Mean Reversion,49.259337523980285,Long,2023-11-16,1.5394738,2023-11-23,1.5554259,5,1.0362053956460726,0.02542530381549125,98.47,0.00850147314074243,USDAUD
29,2023-12-13,1.500217531542074,Negative,Mean Reversion,48.31624478404636,Mean Reversion,48.50093015062126,Long,2023-12-14,1.5151306,2023-12-21,1.5171977,5,0.1364297590913243,0.041890637375246904,97.27,0.014064355197109807,USDAUD
30,2022-05-09,1.30102,Positive,Momentum Continuation,41.61701925245096,Momentum Continuation,41.39786996874822,Long,2022-05-10,1.2949702,2022-05-31,1.3095094,15,1.1227472492167676,0.0260503982423692,98.2,0.009489061736211333,USDCAD
31,2022-05-13,1.2724,Negative,Mean Reversion,38.540190904169364,Mean Reversion,38.73034540098871,Long,2022-05-17,1.2910302,2022-05-25,1.2911049,6,0.005789502551536268,0.01903070912053443,98.71,0.007473961383034632,USDCAD
32,2022-06-09,1.2701,Positive,Momentum Continuation,40.78518525840334,Momentum Continuation,40.370931519071235,Long,2022-06-10,1.2612966,2022-06-20,1.2626889,6,0.11038206712465914,0.028553990173503175,97.86,0.011190353744296196,USDCAD
33,2022-06-13,1.28899,Positive,Momentum Continuation,41.498788340686275,Momentum Continuation,40.830125662930676,Long,2022-06-14,1.276095,2022-06-29,1.2767823,11,0.05385504501263515,0.01646648308925924,98.83,0.006377783928744617,USDCAD
34,2022-07-05,1.3032,Positive,Momentum Continuation,41.54748711414564,Momentum Continuation,41.25360022383409,Long,2022-07-06,1.2891777,2022-07-06,1.2891777,0,0.0,0.009502294522796127,99.43,0.003651549409876251,USDCAD
35,2022-09-13,1.31668,Positive,Momentum Continuation,41.59040754691874,Momentum Continuation,42.30498572939416,Long,2022-09-14,1.3208742,2022-09-16,1.3216951,2,0.062146354212919946,0.034451519014392806,97.84,0.012683608356060635,USDCAD
36,2022-09-26,1.3712,Positive,Momentum Continuation,43.70062226715685,Momentum Continuation,43.40649243431263,Long,2022-09-27,1.3566365,2022-10-12,1.3581679,11,0.11287935318355627,0.014879504355112736,99.01,0.005463234905229541,USDCAD
37,2022-10-06,1.3739,Positive,Momentum Continuation,43.89073563725486,Momentum Continuation,44.185716632989426,Long,2022-10-07,1.3781328,2022-10-12,1.3824489,3,0.31318400334376645,0.014833911291233523,99.19,0.005401313369482931,USDCAD
38,2022-10-21,1.35565,Negative,Mean Reversion,39.529579860698135,Mean Reversion,41.10679391181579,Long,2022-10-24,1.3702037,2022-10-24,1.3702037,0,0.0,0.06380809670885841,97.58,0.027576228762668024,USDCAD
39,2022-10-24,1.36972,Positive,Momentum Continuation,43.281749213935555,Momentum Continuation,43.763302624229766,Long,2022-10-25,1.3675625,2022-10-26,1.3675815,1,0.001385989787608833,0.06211617836348232,97.51,0.026731101227168853,USDCAD
40,2022-11-04,1.3479,Negative,Mean Reversion,40.24142560956694,Mean Reversion,40.84554131870779,Long,2022-11-11,1.361164,2022-11-17,1.3625484,4,0.10170541581996083,0.06384769408834855,96.98,0.027303079157370166,USDCAD
41,2022-11-10,1.33318,Negative,Mean Reversion,38.96017592857142,Mean Reversion,42.95078960006389,Long,2022-11-11,1.3418244,2022-11-11,1.3418244,0,0.0,0.053042417310144405,98.36,0.023077166435042266,USDCAD
42,2022-11-11,1.13213,Negative,Mean Reversion,39.8651104473174,Mean Reversion,38.20712524975165,Long,2022-11-14,1.2699082,2022-11-14,1.2699082,0,0.0,0.0839228736444832,93.82,0.03211090143190273,USDCAD
43,2022-11-14,1.33238,Positive,Momentum Continuation,42.62648602731092,Momentum Continuation,40.510311983596694,Long,2022-11-15,1.2647735,2022-11-15,1.2647735,0,0.0,0.08181982337194756,93.98,0.031287811055279564,USDCAD
44,2022-11-30,1.34142,Negative,Mean Reversion,43.06171401435572,Mean Reversion,43.01914604157626,Long,2022-12-01,1.3443649,2022-12-14,1.3445128,9,0.011004358293393395,0.018146181958920263,98.78,0.006686110297935913,USDCAD
45,2023-01-04,1.34851,Negative,Mean Reversion,43.136611665266095,Mean Reversion,43.4326040695695,Long,2023-01-05,1.3572506,2023-01-05,1.3572506,0,0.0,0.01661408324787549,98.83,0.006179156494180967,USDCAD
46,2023-03-07,1.3748,Positive,Momentum Continuation,44.181444683473366,Momentum Continuation,43.696383236164955,Long,2023-03-08,1.3655578,2023-03-23,1.3663013,11,0.05444722621630887,0.010123227286768916,99.38,0.003644053999532356,USDCAD
47,2023-03-27,1.3654,Negative,Mean Reversion,43.430238484943985,Mean Reversion,43.91591342071106,Long,2023-03-28,1.3724048,2023-03-28,1.3724048,0,0.0,0.02551429278629614,98.17,0.009407360012310916,USDCAD
48,2023-04-14,1.3515,Positive,Momentum Continuation,39.893804212346524,Momentum Continuation,40.294371961418406,Long,2023-04-17,1.3431184,2023-04-17,1.3431184,0,0.0,0.014904855675241895,99.05,0.0054878616231693106,USDCAD
49,2023-04-21,1.3675,Positive,Momentum Continuation,40.95722289528119,Momentum Continuation,40.61485797611068,Long,2023-04-27,1.3539722,2023-05-09,1.3547564,8,0.057915421649450224,0.010153031573577524,99.36,0.0036955585451462062,USDCAD
50,2023-04-24,1.3531,Negative,Mean Reversion,43.869756365546216,Mean Reversion,43.382556695088276,Long,2023-04-27,1.3557389,2023-05-09,1.3558993,8,0.011835295594860773,0.010283020697088918,99.34,0.0038043617340507794,USDCAD
51,2023-05-11,1.3495,Positive,Momentum Continuation,43.1533863953081,Momentum Continuation,42.923123658892976,Long,2023-05-12,1.3413371,2023-05-18,1.341368,4,0.002301823034956338,0.01327817156374183,99.17,0.004902097015692949,USDCAD
52,2023-05-12,1.3654,Positive,Momentum Continuation,40.136663532159034,Momentum Continuation,41.13431914186161,Long,2023-05-15,1.3709389,2023-05-15,1.3709389,0,0.0,0.014811835527318882,99.04,0.005716163642288397,USDCAD
53,2023-05-15,1.3466,Negative,Mean Reversion,42.89923506477588,Mean Reversion,43.28328948434995,Long,2023-05-16,1.3533269,2023-05-16,1.3533269,0,0.0,0.008794406376487846,99.46,0.003197805428527807,USDCAD
54,2023-05-26,1.34146,Negative,Mean Reversion,40.87537443455074,Mean Reversion,40.639336254046526,Long,2023-05-29,1.3546045,2023-05-31,1.3547382,2,0.00987393918955904,0.01878591496217103,98.76,0.007020578742416312,USDCAD
55,2023-05-29,1.36036,Positive,Momentum Continuation,43.43549277275908,Momentum Continuation,43.38071646237488,Long,2023-05-31,1.355697,2023-06-14,1.3561652,10,0.03453093631596677,0.022776287475670415,98.47,0.00849209442134055,USDCAD
56,2023-06-05,1.34483,Positive,Momentum Continuation,43.04996991106442,Momentum Continuation,42.89672029897443,Long,2023-06-06,1.3402699,2023-06-06,1.3402699,0,0.0,0.01553569957946416,99.02,0.005927319451764603,USDCAD
57,2023-06-30,1.30768,Negative,Mean Reversion,39.910297622818376,Mean Reversion,39.56164123551956,Long,2023-07-03,1.3187174,2023-07-03,1.3187174,0,0.0,0.007232284423531254,99.58,0.002727392258865795,USDCAD
58,2023-07-03,1.32476,Positive,Momentum Continuation,42.644985225140026,Momentum Continuation,42.21542446839124,Long,2023-07-04,1.3192357,2023-07-04,1.3192357,0,0.0,0.006571980557577592,99.63,0.002473778476977954,USDCAD
59,2023-12-29,1.30958,Negative,Mean Reversion,39.791320647705255,Mean Reversion,39.522885310224126,Long,2024-01-01,1.3172737,2024-01-01,1.3172737,0,0.0,0.02334582323111015,98.34,0.008739842038002371,USDCAD
60,2022-05-05,0.9852,Positive,Momentum Continuation,31.7604448485294,Momentum Continuation,31.344261071908193,Long,2022-05-06,0.97968036,2022-05-27,0.9818467,15,0.22112628814656624,0.016863778264181076,98.39,0.008445201360919771,USDCHF
61,2022-05-19,0.97221,Negative,Mean Reversion,31.18970501883753,Mean Reversion,31.198575182083765,Long,2022-05-30,0.9740426,2022-06-09,0.9878123,8,1.413663663250197,0.015042520655082471,98.57,0.008968244649829073,USDCHF
62,2022-06-13,0.99671,Positive,Momentum Continuation,32.11569500186625,Momentum Continuation,31.55536204710894,Long,2022-06-14,0.99011713,2022-07-05,1.0163486,15,2.649329746802333,0.04575923980978028,95.59,0.022309482539969925,USDCHF
63,2022-06-16,0.9668,Negative,Mean Reversion,31.26153013562673,Mean Reversion,30.899864842991015,Long,2022-06-30,0.95892787,2022-07-05,1.0019217,3,4.4835263740867495,0.0171277582385773,98.8,0.010887330691925032,USDCHF
64,2022-08-10,0.9424,Negative,Mean Reversion,30.005195069019596,Mean Reversion,30.416153075007568,Long,2022-08-11,0.95038325,2022-08-11,0.95038325,0,0.0,0.01640534075528422,98.57,0.008390043181745235,USDCHF
65,2022-09-26,0.99222,Positive,Momentum Continuation,31.329852461099406,Momentum Continuation,31.447611643248734,Long,2022-09-28,0.9827387,2022-10-12,0.9827627,10,0.0024442583249891935,0.012272297468540817,98.91,0.00617631420145693,USDCHF
66,2022-09-28,0.97779,Negative,Mean Reversion,31.231164209208654,Mean Reversion,31.575086139864595,Long,2022-09-29,0.98668694,2022-09-29,0.98668694,0,0.0,0.012176077539131563,98.9,0.00603409540034875,USDCHF
67,2022-09-30,0.9884305,Positive,Momentum Continuation,29.393737899954754,Momentum Continuation,29.463817316314923,Long,2022-10-03,0.9827704,2022-10-21,0.98962045,14,0.6970156932696698,0.010313232664610976,99.06,0.005689801232810008,USDCHF
68,2022-10-04,0.9787,Negative,Mean Reversion,31.36084155891807,Mean Reversion,31.570059643827715,Long,2022-10-05,0.98657656,2022-10-26,0.9869565,15,0.038508922905305505,0.011575423725464112,98.95,0.005825481348146075,USDCHF
69,2022-10-19,1.00484,Positive,Momentum Continuation,31.678596214569325,Momentum Continuation,31.970523529460095,Long,2022-10-20,0.9990033,2022-11-04,0.999492,11,0.048918605859707955,0.012148277871067885,99.13,0.0061814434556276155,USDCHF
70,2022-11-04,0.9976274,Negative,Mean Reversion,29.91656112297999,Mean Reversion,30.14525365111477,Long,2022-11-08,1.0049561,2022-11-21,1.005303,9,0.034518823612725846,0.05170915832008601,94.84,0.026572698416122243,USDCHF
71,2022-11-10,0.96491,Negative,Mean Reversion,30.026651643557408,Mean Reversion,31.27678880065635,Long,2022-11-11,0.97729236,2022-11-11,0.97729236,0,0.0,0.031234907367897462,96.76,0.016286616881458174,USDCHF
72,2022-11-11,0.9424,Negative,Mean Reversion,28.212912950387857,Mean Reversion,28.97663795369611,Long,2022-11-14,0.96389395,2022-11-14,0.96389395,0,0.0,0.013521781504803838,98.75,0.00727323943783413,USDCHF
73,2022-11-23,0.94096,Negative,Mean Reversion,30.297065300420176,Mean Reversion,30.367540574952404,Long,2022-11-24,0.9491906,2022-11-24,0.9491906,0,0.0,0.012262794951812421,98.88,0.006581429987407254,USDCHF
74,2022-11-30,0.94387,Negative,Mean Reversion,30.148685977174356,Mean Reversion,30.364640494072887,Long,2022-12-01,0.94888365,2022-12-05,0.9488873,2,0.0003831748308660015,0.016827659163537977,98.29,0.008974702858288981,USDCHF
75,2023-01-03,0.93606,Positive,Momentum Continuation,29.844452966656167,Momentum Continuation,29.714573770147904,Long,2023-01-13,0.92810357,2023-01-19,0.9287865,4,0.07358553988268186,0.007217606333114414,99.35,0.003880109662042125,USDCHF
76,2023-01-31,0.9162,Negative,Mean Reversion,29.24504861511903,Mean Reversion,29.457274688746903,Long,2023-02-03,0.92050135,2023-02-14,0.920786,7,0.030925732268372676,0.005943745617717232,99.49,0.0032392015080769604,USDCHF
77,2023-02-01,0.90719,Negative,Mean Reversion,29.518834434110637,Mean Reversion,29.33786947110077,Long,2023-02-02,0.9165427,2023-02-02,0.9165427,0,0.0,0.00954618996597237,99.07,0.005117267245961692,USDCHF
78,2023-02-03,0.9262948,Positive,Momentum Continuation,27.84045647403361,Momentum Continuation,27.477462320504596,Long,2023-02-08,0.90987784,2023-02-13,0.92420065,3,1.5741472918465556,0.013810477906744443,98.74,0.00716493283852906,USDCHF
79,2023-03-07,0.94223,Positive,Momentum Continuation,29.864935820955875,Momentum Continuation,29.964105341416534,Long,2023-03-08,0.9363697,2023-03-16,0.93641675,6,0.005022382064252499,0.015803993433884212,98.43,0.00854617605981127,USDCHF
80,2023-03-10,0.9199,Negative,Mean Reversion,27.520329227521028,Mean Reversion,27.94726147897297,Long,2023-03-13,0.9315202,2023-03-13,0.9315202,0,0.0,0.013065461503963153,98.72,0.007092469571028163,USDCHF
81,2023-03-15,0.93126,Positive,Momentum Continuation,29.674215228273823,Momentum Continuation,30.080029295937916,Long,2023-03-31,0.91363347,2023-04-05,0.9499312,3,3.972899407928876,0.02060080285519273,98.41,0.01089049202085667,USDCHF
82,2023-05-03,0.88336,Negative,Mean Reversion,28.403649997955153,Mean Reversion,28.4940877803296,Long,2023-05-04,0.8904319,2023-05-04,0.8904319,0,0.0,0.008557915719875558,99.19,0.004753444190971665,USDCHF
83,2023-05-05,0.8972,Positive,Momentum Continuation,26.628713523771832,Momentum Continuation,26.649451423270254,Long,2023-05-08,0.88828075,2023-05-08,0.88828075,0,0.0,0.011328424062239845,98.9,0.006297699856551641,USDCHF
84,2023-06-08,0.8987,Negative,Mean Reversion,29.08113115196076,Mean Reversion,28.9572957313883,Long,2023-06-09,0.9049168,2023-06-09,0.9049168,0,0.0,0.008726639274670269,99.11,0.00485716861072313,USDCHF
85,2023-06-15,0.89167,Negative,Mean Reversion,28.564125449649843,Mean Reversion,28.769976288535183,Long,2023-06-16,0.89894843,2023-06-16,0.89894843,0,0.0,0.0040593411972904905,99.63,0.002265195600399876,USDCHF
86,2023-07-12,0.86659,Negative,Mean Reversion,27.49554371981442,Mean Reversion,28.05432672800303,Long,2023-07-13,0.876303,2023-07-13,0.876303,0,0.0,0.010506114843268561,98.99,0.005874580160503737,USDCHF
87,2023-07-20,0.86623,Positive,Momentum Continuation,27.632327735836828,Momentum Continuation,27.53990222061005,Long,2023-07-21,0.86062086,2023-08-08,0.8606815,12,0.007043510890292851,0.011914772619211178,98.74,0.006858130660038546,USDCHF
88,2023-11-14,0.8891,Negative,Mean Reversion,28.490257535701936,Mean Reversion,28.726283493456457,Long,2023-11-15,0.89760983,2023-11-15,0.89760983,0,0.0,0.018350562490177785,98.01,0.010390311268182156,USDCHF
89,2023-12-27,0.8425,Negative,Mean Reversion,27.006580614818926,Mean Reversion,27.211090239358626,Long,2023-12-28,0.8499145,2023-12-28,0.8499145,0,0.0,0.008962090232184616,99.21,0.004859609336479984,USDCHF
90,2022-03-09,0.90302,Negative,Mean Reversion,29.173619076680648,Mean Reversion,29.235213436324045,Long,2022-03-10,0.9136172,2022-03-22,0.91373026,8,0.012376081789916761,0.008277594295277971,99.23,0.0045680147635053705,USDEUR
91,2022-05-12,0.9634,Positive,Momentum Continuation,30.9549308977591,Momentum Continuation,30.733964178105946,Long,2022-05-24,0.9574957,2022-05-30,0.96045095,4,0.3086445114426493,0.022059829278995028,97.91,0.011687690368942556,USDEUR
92,2022-07-05,0.97493,Positive,Momentum Continuation,31.489169444327725,Momentum Continuation,30.800985977546166,Long,2022-07-06,0.96434456,2022-07-27,0.9732161,15,0.9199570035682637,0.017953621760520268,98.41,0.008927499106864892,USDEUR
93,2022-07-11,0.99537,Positive,Momentum Continuation,32.101059211134434,Momentum Continuation,31.59629617434003,Long,2022-07-12,0.98767763,2022-07-27,0.99005497,11,0.2406991082515951,0.00962068489354887,99.09,0.004640956065197436,USDEUR
94,2022-09-09,0.9849,Negative,Mean Reversion,29.435920564156444,Mean Reversion,29.842773610561533,Long,2022-09-14,0.9946866,2022-09-19,0.99476254,3,0.007634195250356063,0.025148028151568035,98.04,0.012252122730733932,USDEUR
95,2022-09-13,1.00213,Positive,Momentum Continuation,31.342984148109228,Momentum Continuation,31.8390149756473,Long,2022-09-14,1.0017924,2022-09-14,1.0017924,0,0.0,0.02767025658420544,97.74,0.013513270576877848,USDEUR
96,2022-09-21,1.01711,Positive,Momentum Continuation,33.195973135504204,Momentum Continuation,32.17426519388494,Long,2022-09-23,1.0054487,2022-10-07,1.0055065,10,0.005750318787002857,0.021358782236599896,98.14,0.010440652330806375,USDEUR
97,2022-09-23,1.0319,Positive,Momentum Continuation,31.366687097123496,Momentum Continuation,30.661729897498024,Long,2022-09-26,1.0221553,2022-10-11,1.022666,11,0.049962329989293786,0.010578080921176729,99.17,0.005145420691456167,USDEUR
98,2022-09-29,1.01733,Negative,Mean Reversion,32.212525562324906,Mean Reversion,32.97827610912359,Long,2022-09-30,1.0304617,2022-09-30,1.0304617,0,0.0,0.011886877537799585,99.1,0.0057826613845588445,USDEUR
99,2022-10-04,1.0015,Negative,Mean Reversion,32.364896498949555,Mean Reversion,31.989059381312185,Long,2022-10-05,1.0018753,2022-10-20,1.0187302,11,1.6823333756527432,0.017205730614837565,98.57,0.0072910750215119495,USDEUR
100,2022-10-26,0.9907,Negative,Mean Reversion,32.29538795448178,Mean Reversion,32.03213535799364,Long,2022-10-27,1.0004526,2022-10-27,1.0004526,0,0.0,0.020757905705822498,98.31,0.01098357418972653,USDEUR
101,2022-10-27,1.00326,Positive,Momentum Continuation,32.626730153361336,Momentum Continuation,31.981242572733247,Long,2022-10-28,0.99930084,2022-10-28,0.99930084,0,0.0,0.023078372049742404,98.06,0.011856514074527933,USDEUR
102,2022-11-04,1.0015,Negative,Mean Reversion,30.14342136231416,Mean Reversion,30.45945754988239,Long,2022-11-10,1.0153365,2022-11-18,1.0155383,6,0.01987728447881126,0.04489945911864137,95.57,0.0227237006665253,USDEUR
103,2022-11-10,0.98115,Negative,Mean Reversion,30.773486879901956,Mean Reversion,31.675172680372164,Long,2022-11-11,0.9896104,2022-11-11,0.9896104,0,0.0,0.026224065383357257,97.36,0.013507044124507853,USDEUR
104,2022-11-11,0.964,Negative,Mean Reversion,28.8947187958953,Mean Reversion,29.407633595675257,Long,2022-11-14,0.98155606,2022-11-21,1.0004569,5,1.925602834820824,0.02483496494645043,97.73,0.01372018059048398,USDEUR
105,2023-01-03,0.94824,Positive,Momentum Continuation,30.369820282212864,Momentum Continuation,30.06273604125534,Long,2023-01-04,0.93948704,2023-01-04,0.93948704,0,0.0,0.015101669036779432,98.51,0.008158271104975946,USDEUR
106,2023-01-06,0.9376,Negative,Mean Reversion,27.97127013914027,Mean Reversion,28.296246415896807,Long,2023-01-10,0.9433385,2023-01-19,0.94376355,7,0.045057072924218566,0.02129012616470857,97.75,0.01141881491435865,USDEUR
107,2023-02-01,0.9079,Negative,Mean Reversion,29.493940927871133,Mean Reversion,29.324425728498035,Long,2023-02-02,0.9163126,2023-02-02,0.9163126,0,0.0,0.01887039985305964,98.11,0.010124893011231834,USDEUR
108,2023-03-07,0.9478,Positive,Momentum Continuation,30.332811532212883,Momentum Continuation,30.125186112354015,Long,2023-03-08,0.9413235,2023-03-10,0.94144815,2,0.013240220789388168,0.01266430920449484,98.82,0.006815655711469849,USDEUR
109,2023-03-15,0.94499,Positive,Momentum Continuation,30.05221064880952,Momentum Continuation,30.33962359808238,Long,2023-03-22,0.93248403,2023-03-27,0.952186,3,2.112846660478331,0.019067254147014493,98.17,0.010655968522685898,USDEUR
110,2023-03-17,0.9299,Negative,Mean Reversion,27.90735128393666,Mean Reversion,28.169340702264275,Long,2023-03-20,0.93880314,2023-03-20,0.93880314,0,0.0,0.01866934596845984,98.07,0.010102872341693691,USDEUR
111,2023-04-10,0.92002,Positive,Momentum Continuation,29.191943997899152,Momentum Continuation,29.26967109329684,Long,2023-04-11,0.914658,2023-04-12,0.9146894,1,0.0034342505562736493,0.008428567597051679,99.23,0.004651158361307642,USDEUR
112,2023-04-17,0.91533,Positive,Momentum Continuation,29.240092619747895,Momentum Continuation,29.015289169689765,Long,2023-04-18,0.9066803,2023-04-18,0.9066803,0,0.0,0.005552431778381657,99.51,0.0030952604073093345,USDEUR
113,2023-04-21,0.901,Negative,Mean Reversion,27.301474989980587,Mean Reversion,27.257854413208886,Long,2023-04-24,0.90856344,2023-04-24,0.90856344,0,0.0,0.0060918023466767016,99.5,0.003371868754670942,USDEUR
114,2023-05-01,0.91164,Positive,Momentum Continuation,28.82474301155461,Momentum Continuation,28.982982847211392,Long,2023-05-02,0.905698,2023-05-03,0.905711,1,0.0014346738693437242,0.013432575637350033,98.76,0.007317690783376862,USDEUR
115,2023-05-05,0.8919,Negative,Mean Reversion,27.1958897123465,Mean Reversion,27.021180376947974,Long,2023-05-08,0.90060955,2023-05-08,0.90060955,0,0.0,0.02262773579387566,97.7,0.012329203186132946,USDEUR
116,2023-05-08,0.9092,Positive,Momentum Continuation,29.051502617296904,Momentum Continuation,28.892200103285255,Long,2023-05-09,0.90285176,2023-05-11,0.90288025,2,0.003155669784640061,0.022188622688295842,97.74,0.012087719333609746,USDEUR
117,2023-07-12,0.89759,Negative,Mean Reversion,28.326205670168065,Mean Reversion,28.94575048625176,Long,2023-07-13,0.9044828,2023-07-13,0.9044828,0,0.0,0.009038250290746801,99.16,0.004965446634226079,USDEUR
118,2023-11-03,0.9312,Negative,Mean Reversion,28.208669735132503,Mean Reversion,28.183103340239047,Long,2023-11-06,0.9392681,2023-11-06,0.9392681,0,0.0,0.017131259683223952,98.38,0.00931445607392251,USDEUR
119,2023-11-14,0.91925,Negative,Mean Reversion,29.6287500437675,Mean Reversion,29.72754652017221,Long,2023-11-15,0.9288248,2023-11-15,0.9288248,0,0.0,0.01171668072874064,98.84,0.006374649626077887,USDEUR
120,2022-05-05,0.80885,Positive,Momentum Continuation,26.030210818333327,Momentum Continuation,25.624854458428146,Long,2022-05-06,0.80076236,2022-05-23,0.801414,11,0.08137964740646941,0.009792242063424297,98.96,0.00600559525526853,USDGBP
121,2022-09-13,0.86933,Positive,Momentum Continuation,26.857247036344546,Momentum Continuation,27.624450256366597,Long,2022-09-14,0.8628794,2022-09-19,0.8635004,3,0.07197075247877384,0.036132140565647404,96.78,0.01997953890578047,USDGBP
122,2022-09-23,0.9208103,Positive,Momentum Continuation,28.17460193444571,Momentum Continuation,26.974106180195896,Long,2022-09-26,0.90015733,2022-10-11,0.9054176,11,0.5843743672251882,0.018306391031879376,98.31,0.009610766552846891,USDGBP
123,2022-09-29,0.89501,Negative,Mean Reversion,28.169666409051118,Mean Reversion,29.309340097026826,Long,2022-09-30,0.9159846,2022-10-11,0.91629523,7,0.03391535386201331,0.02724049741129946,97.15,0.01519578761087974,USDGBP
124,2022-10-03,0.8819,Negative,Mean Reversion,28.112236592962166,Mean Reversion,27.977359374808735,Long,2022-10-06,0.8794336,2022-10-17,0.89212835,7,1.4435173341298388,0.012333475158290324,98.89,0.006682392969919376,USDGBP
125,2022-10-06,0.89582,Positive,Momentum Continuation,28.948550005672256,Momentum Continuation,29.059167803717504,Long,2022-10-07,0.9001686,2022-10-10,0.9027465,1,0.28637978409016945,0.010425263434738088,99.09,0.009752905480564665,USDGBP
126,2022-10-13,0.88476,Negative,Mean Reversion,28.881517103939053,Mean Reversion,28.70434446576722,Long,2022-10-17,0.8972042,2022-10-25,0.89884543,6,0.18292534261049712,0.022504026250550882,97.78,0.01274610549344107,USDGBP
127,2022-10-17,0.88082,Negative,Mean Reversion,28.600409848763995,Mean Reversion,28.365297026514817,Long,2022-10-19,0.88621265,2022-10-24,0.8862972,3,0.009543870901221878,0.01453668393294122,98.59,0.008380409752210003,USDGBP
128,2022-10-26,0.8591,Negative,Mean Reversion,27.552281791939784,Mean Reversion,27.91029227386836,Long,2022-10-27,0.8716775,2022-10-27,0.8716775,0,0.0,0.016158697438957675,98.48,0.009756200344231794,USDGBP
129,2022-11-03,0.89517,Positive,Momentum Continuation,28.24353543464637,Momentum Continuation,28.19434732394265,Long,2022-11-04,0.8810879,2022-11-04,0.8810879,0,0.0,0.036478204828682456,96.13,0.021386712121211987,USDGBP
130,2022-11-04,0.8793,Negative,Mean Reversion,26.276228947719794,Mean Reversion,26.51586499094733,Long,2022-11-10,0.8839054,2022-11-21,0.88434684,7,0.04994109028291769,0.040650433230122046,95.51,0.02371684437342999,USDGBP
131,2022-11-09,0.87958,Positive,Momentum Continuation,27.289465823382347,Momentum Continuation,28.465972728766392,Long,2022-11-10,0.8867752,2022-11-11,0.8867765,1,0.00014787312405298186,0.040100871017542776,95.34,0.02386323428449679,USDGBP
132,2022-11-10,0.855,Negative,Mean Reversion,27.08959861884452,Mean Reversion,27.73712917616805,Long,2022-11-11,0.8659518,2022-11-16,0.86631143,3,0.04153284701677971,0.031697476817753,96.37,0.01895960738300103,USDGBP
133,2022-11-23,0.82792,Negative,Mean Reversion,26.67990811650911,Mean Reversion,26.715197535234832,Long,2022-11-24,0.83516145,2022-11-24,0.83516145,0,0.0,0.014000817106269006,98.47,0.008721664367123145,USDGBP
134,2022-12-15,0.82026,Positive,Momentum Continuation,26.263082666404046,Momentum Continuation,25.97560318715722,Long,2022-12-16,0.81174064,2023-01-03,0.81176126,12,0.0025406153340967906,0.017666426140873055,97.94,0.010738760554864186,USDGBP
135,2023-01-05,0.83961,Positive,Momentum Continuation,26.530093731302518,Momentum Continuation,26.71352001760228,Long,2023-01-06,0.83465886,2023-01-09,0.83498985,1,0.03965507440700203,0.022091214206795058,97.42,0.013458441073751921,USDGBP
136,2023-01-06,0.8268563,Negative,Mean Reversion,24.794553715491293,Mean Reversion,24.9548976901613,Long,2023-01-09,0.83183485,2023-01-09,0.83183485,0,0.0,0.019768200198382355,97.69,0.012072187908146903,USDGBP
137,2023-02-02,0.8182,Positive,Momentum Continuation,26.62875720826328,Momentum Continuation,26.33781390405502,Long,2023-02-03,0.81920314,2023-02-10,0.8195896,5,0.04717712843500281,0.016769364970693347,98.16,0.009983106448159959,USDGBP
138,2023-02-03,0.8299444,Positive,Momentum Continuation,24.945006610678735,Momentum Continuation,25.116019475422483,Long,2023-02-09,0.82927746,2023-02-13,0.83001214,2,0.0885936119880109,0.013968275619315376,98.63,0.007998314046868628,USDGBP
139,2023-02-15,0.83072,Positive,Momentum Continuation,26.669989884572836,Momentum Continuation,26.495174766068946,Long,2023-02-16,0.8274907,2023-03-09,0.8299528,15,0.2975367698168766,0.006734493527020455,99.42,0.004079274319910203,USDGBP
140,2023-02-27,0.82898,Negative,Mean Reversion,26.560931324257695,Mean Reversion,26.649502974871723,Long,2023-03-01,0.83278143,2023-03-14,0.8328118,9,0.0036430644284175056,0.009114306483075495,99.1,0.005509422581679629,USDGBP
141,2023-03-07,0.84546,Positive,Momentum Continuation,27.01543767243695,Momentum Continuation,26.751822046635024,Long,2023-03-08,0.8360573,2023-03-23,0.8366825,11,0.07477874005273082,0.01751414793454613,98.04,0.010581952281566307,USDGBP
142,2023-03-13,0.82183,Negative,Mean Reversion,26.447707792086813,Mean Reversion,26.56470750924461,Long,2023-03-14,0.83013195,2023-03-15,0.8301348,1,0.00034464677044794675,0.017008444631842437,98.1,0.010416819941371652,USDGBP
143,2023-07-13,0.76168,Negative,Mean Reversion,24.397157612832626,Mean Reversion,24.573012590143264,Long,2023-07-14,0.7677817,2023-07-14,0.7677817,0,0.0,0.012443054612100001,98.59,0.007876019864404787,USDGBP
144,2023-07-27,0.78163,Positive,Momentum Continuation,24.86208979803921,Momentum Continuation,24.862496329848156,Long,2023-07-28,0.7770511,2023-08-18,0.7782745,15,0.157439497592729,0.007305386418056444,99.14,0.004739008539317307,USDGBP
145,2023-08-24,0.7941,Positive,Momentum Continuation,25.324264877621815,Momentum Continuation,25.261844063466754,Long,2023-08-31,0.78955877,2023-09-11,0.79081804,7,0.15949000641523203,0.008815074450050675,99.07,0.005687611650895038,USDGBP
146,2023-10-12,0.8208,Positive,Momentum Continuation,26.19902503347588,Momentum Continuation,26.250826794944217,Long,2023-10-23,0.8131808,2023-10-25,0.82453084,2,1.3957579431367648,0.006707329503584204,99.29,0.004346914470867253,USDGBP
147,2023-11-03,0.808015513897867,Negative,Mean Reversion,24.46964459944646,Mean Reversion,24.493525555667258,Long,2023-11-06,0.8162765,2023-11-06,0.8162765,0,0.0,0.012300938480995473,98.71,0.0077528473743467665,USDGBP
148,2023-11-14,0.80035,Negative,Mean Reversion,25.96533078883136,Mean Reversion,25.927439341644025,Long,2023-11-15,0.8100405,2023-11-15,0.8100405,0,0.0,0.01428704261998451,98.33,0.009086785566954528,USDGBP
149,2023-12-14,0.78299,Negative,Mean Reversion,25.29540867443766,Mean Reversion,25.28446880303926,Long,2023-12-15,0.7901132,2023-12-22,0.7902064,5,0.011790976093663953,0.003875674832795484,99.59,0.0024658278253564627,USDGBP
