,outlier_id,predicted_price,actual_price
0,1,0.9128228,0.90302
1,1,0.91270196,0.90794
2,1,0.91260767,0.91638
3,1,0.9125352,0.91381
4,1,0.91248137,0.9118
5,1,0.9124452,0.90727
6,1,0.9124232,0.90094
7,1,0.91240996,0.9038
8,1,0.9124044,0.90766
9,1,0.9124074,0.90664
10,1,0.91241264,0.90857
11,1,0.91241246,0.90835
12,1,0.91240484,0.9103
13,1,0.91240567,0.90978
14,1,0.9124062,0.90156
15,1,0.9124066,0.89591
16,2,1.3917218,1.388696
17,2,1.3803108,1.39074
18,2,1.3784952,1.371968
19,2,1.3760108,1.35476
20,2,1.3735557,1.3427685
21,2,1.3703662,1.3517167
22,2,1.365965,1.3400694
23,2,1.3627441,1.3335111
24,2,1.3613689,1.33135
25,2,1.3594022,1.3115098
26,2,1.3592564,1.3338
27,2,1.3659118,1.3307428
28,2,1.3820039,1.333
29,2,1.3885112,1.3345789
30,2,1.3872194,1.3329779
31,2,1.3827947,1.3256797
32,3,1.3693984,1.3931
33,3,1.3694503,1.40019
34,3,1.3694649,1.404
35,3,1.3695207,1.40653
36,3,1.3695859,1.4135474
37,3,1.3696352,1.4182184
38,3,1.3696823,1.4082722
39,3,1.3697115,1.379025
40,3,1.3697567,1.4043
41,3,1.3698184,1.4124294
42,3,1.3698436,1.438
43,3,1.3698701,1.4423978
44,3,1.369822,1.44352
45,3,1.3698224,1.4551804
46,3,1.3698227,1.4405071
47,3,1.3698233,1.4337
48,4,1.3780444,1.379025
49,4,1.3741783,1.4043
50,4,1.372844,1.4124294
51,4,1.3724642,1.438
52,4,1.3721591,1.4423978
53,4,1.3721462,1.44352
54,4,1.3722277,1.4551804
55,4,1.372472,1.4405071
56,4,1.3729109,1.4337
57,4,1.3740482,1.4222728
58,4,1.3780171,1.4370707
59,4,1.3862044,1.42003
60,4,1.3882267,1.4041197
61,4,1.388921,1.4108
62,4,1.3875206,1.4080541
63,4,1.3849387,1.41032
64,5,0.80230325,0.80885
65,5,0.8029238,0.8101758
66,5,0.8034196,0.8106
67,5,0.80374146,0.8125
68,5,0.8039685,0.81731
69,5,0.8040911,0.8193
70,5,0.80418426,0.8154079
71,5,0.80423313,0.81125
72,5,0.80433655,0.80078
73,5,0.80439407,0.81004
74,5,0.8044471,0.80232
75,5,0.80454993,0.8003483
76,5,0.80451953,0.79569
77,5,0.804544,0.79731
78,5,0.80456173,0.7944642
79,5,0.80457443,0.79255
80,6,0.9789545,0.9852
81,6,0.979239,0.9884
82,6,0.97945714,0.99302
83,6,0.9796253,0.9956
84,6,0.97977424,0.99453
85,6,0.9798858,1.00312
86,6,0.9799503,1.0011703
87,6,0.97999597,1.002
88,6,0.98003185,0.9937
89,6,0.98004335,0.98719
90,6,0.9800504,0.97221
91,6,0.98008794,0.9747018
92,6,0.9800584,0.96575
93,6,0.9800638,0.96037
94,6,0.98006785,0.96154
95,6,0.9800709,0.95858
96,7,1.2890923,1.30102
97,7,1.2895608,1.30317
98,7,1.2898408,1.29951
99,7,1.29,1.3025
100,7,1.2901562,1.2724
101,7,1.290338,1.28485
102,7,1.290618,1.2805
103,7,1.2906835,1.28871
104,7,1.2908117,1.28189
105,7,1.291088,1.2836
106,7,1.2912132,1.27873
107,7,1.2914037,1.28222
108,7,1.2912539,1.28199
109,7,1.2912858,1.27748
110,7,1.2913113,1.26895
111,7,1.2913332,1.26567
112,8,0.9555941,0.9634
113,8,0.95568,0.9604
114,8,0.9556846,0.95789
115,8,0.9557626,0.94792
116,8,0.95578635,0.95479
117,8,0.9558445,0.94518
118,8,0.9560511,0.9466
119,8,0.95614445,0.9358
120,8,0.9562521,0.9317
121,8,0.9563789,0.93568
122,8,0.9564639,0.93171
123,8,0.95652914,0.9312
124,8,0.95643896,0.92821
125,8,0.95644635,0.93158
126,8,0.95645326,0.93884
127,8,0.95646083,0.93
128,1,0.9128228,0.90302
129,1,0.91270196,0.90794
130,1,0.91260767,0.91638
131,1,0.9125352,0.91381
132,1,0.91248137,0.9118
133,1,0.9124452,0.90727
134,1,0.9124232,0.90094
135,1,0.91240996,0.9038
136,1,0.9124044,0.90766
137,1,0.9124074,0.90664
138,1,0.91241264,0.90857
139,1,0.91241246,0.90835
140,1,0.91240484,0.9103
141,1,0.91240567,0.90978
142,1,0.9124062,0.90156
143,1,0.9124066,0.89591
144,2,1.3917218,1.388696
145,2,1.3803108,1.39074
146,2,1.3784952,1.371968
147,2,1.3760108,1.35476
148,2,1.3735557,1.3427685
149,2,1.3703662,1.3517167
150,2,1.365965,1.3400694
151,2,1.3627441,1.3335111
152,2,1.3613689,1.33135
153,2,1.3594022,1.3115098
154,2,1.3592564,1.3338
155,2,1.3659118,1.3307428
156,2,1.3820039,1.333
157,2,1.3885112,1.3345789
158,2,1.3872194,1.3329779
159,2,1.3827947,1.3256797
160,3,1.3693984,1.3931
161,3,1.3694503,1.40019
162,3,1.3694649,1.404
163,3,1.3695207,1.40653
164,3,1.3695859,1.4135474
165,3,1.3696352,1.4182184
166,3,1.3696823,1.4082722
167,3,1.3697115,1.379025
168,3,1.3697567,1.4043
169,3,1.3698184,1.4124294
170,3,1.3698436,1.438
171,3,1.3698701,1.4423978
172,3,1.369822,1.44352
173,3,1.3698224,1.4551804
174,3,1.3698227,1.4405071
175,3,1.3698233,1.4337
176,4,1.3780444,1.379025
177,4,1.3741783,1.4043
178,4,1.372844,1.4124294
179,4,1.3724642,1.438
180,4,1.3721591,1.4423978
181,4,1.3721462,1.44352
182,4,1.3722277,1.4551804
183,4,1.372472,1.4405071
184,4,1.3729109,1.4337
185,4,1.3740482,1.4222728
186,4,1.3780171,1.4370707
187,4,1.3862044,1.42003
188,4,1.3882267,1.4041197
189,4,1.388921,1.4108
190,4,1.3875206,1.4080541
191,4,1.3849387,1.41032
192,5,0.80230325,0.80885
193,5,0.8029238,0.8101758
194,5,0.8034196,0.8106
195,5,0.80374146,0.8125
196,5,0.8039685,0.81731
197,5,0.8040911,0.8193
198,5,0.80418426,0.8154079
199,5,0.80423313,0.81125
200,5,0.80433655,0.80078
201,5,0.80439407,0.81004
202,5,0.8044471,0.80232
203,5,0.80454993,0.8003483
204,5,0.80451953,0.79569
205,5,0.804544,0.79731
206,5,0.80456173,0.7944642
207,5,0.80457443,0.79255
208,6,0.9789545,0.9852
209,6,0.979239,0.9884
210,6,0.97945714,0.99302
211,6,0.9796253,0.9956
212,6,0.97977424,0.99453
213,6,0.9798858,1.00312
214,6,0.9799503,1.0011703
215,6,0.97999597,1.002
216,6,0.98003185,0.9937
217,6,0.98004335,0.98719
218,6,0.9800504,0.97221
219,6,0.98008794,0.9747018
220,6,0.9800584,0.96575
221,6,0.9800638,0.96037
222,6,0.98006785,0.96154
223,6,0.9800709,0.95858
224,7,1.2890923,1.30102
225,7,1.2895608,1.30317
226,7,1.2898408,1.29951
227,7,1.29,1.3025
228,7,1.2901562,1.2724
229,7,1.290338,1.28485
230,7,1.290618,1.2805
231,7,1.2906835,1.28871
232,7,1.2908117,1.28189
233,7,1.291088,1.2836
234,7,1.2912132,1.27873
235,7,1.2914037,1.28222
236,7,1.2912539,1.28199
237,7,1.2912858,1.27748
238,7,1.2913113,1.26895
239,7,1.2913332,1.26567
240,8,0.9555941,0.9634
241,8,0.95568,0.9604
242,8,0.9556846,0.95789
243,8,0.9557626,0.94792
244,8,0.95578635,0.95479
245,8,0.9558445,0.94518
246,8,0.9560511,0.9466
247,8,0.95614445,0.9358
248,8,0.9562521,0.9317
249,8,0.9563789,0.93568
250,8,0.9564639,0.93171
251,8,0.95652914,0.9312
252,8,0.95643896,0.92821
253,8,0.95644635,0.93158
254,8,0.95645326,0.93884
255,8,0.95646083,0.93
256,9,1.2917519,1.2724
257,9,1.2918134,1.28485
258,9,1.291911,1.2805
259,9,1.2919204,1.28871
260,9,1.2919579,1.28189
261,9,1.2920563,1.2836
262,9,1.2921045,1.27873
263,9,1.292176,1.28222
264,9,1.2921433,1.28199
265,9,1.2920909,1.27748
266,9,1.2920469,1.26895
267,9,1.2919744,1.26567
268,9,1.2920806,1.26372
269,9,1.2920818,1.26673
270,9,1.292083,1.2571
271,10,0.97064054,0.97221
272,10,0.967417,0.9747018
273,10,0.96653473,0.96575
274,10,0.9660303,0.96037
275,10,0.9659082,0.96154
276,10,0.96611756,0.95858
277,10,0.9665375,0.9569913
278,10,0.9686629,0.958
279,10,0.97804344,0.95954
280,10,0.99184734,0.96306
281,10,0.99475986,0.95759
282,10,0.99585265,0.9618449
283,10,0.99614215,0.97133
284,10,0.99636346,0.97356
285,10,0.9964255,0.97885
286,10,0.99638444,0.98031
287,11,1.2610823,1.2701
288,11,1.2621158,1.26944
289,11,1.2627681,1.28899
290,11,1.2630367,1.29476
291,11,1.263151,1.28712
292,11,1.2631737,1.29549
293,11,1.2632848,1.29798
294,11,1.2630454,1.29837
295,11,1.262887,1.29324
296,11,1.2626916,1.29631
297,11,1.2623267,1.29894
298,11,1.262032,1.2883
299,11,1.2623372,1.28703
300,11,1.2622837,1.28733
301,11,1.2622763,1.28838
302,11,1.2622976,1.28722
303,12,0.9864126,0.99671
304,12,0.98644006,0.99947
305,12,0.98644835,0.99443
306,12,0.9864546,0.9668
307,12,0.9864573,0.9706024
308,12,0.9864705,0.9672
309,12,0.98648196,0.96617
310,12,0.98648685,0.96166
311,12,0.986492,0.9612
312,12,0.986495,0.9588807
313,12,0.9864989,0.95635
314,12,0.9865034,0.95675
315,12,0.9864982,0.95415
316,12,0.9864982,0.9551
317,12,0.9864982,0.9592
318,12,0.9864982,0.9609
319,13,1.4122822,1.4405071
320,13,1.4122912,1.45186
321,13,1.4122895,1.4248871
322,13,1.4122921,1.4203738
323,13,1.4122945,1.4314958
324,13,1.4123527,1.4343087
325,13,1.4123871,1.43678
326,13,1.4124155,1.4481
327,13,1.4124632,1.44867
328,13,1.4125,1.4298379
329,13,1.4125065,1.44477
330,13,1.4125503,1.4485196
331,13,1.4125054,1.4538476
332,13,1.4125055,1.44965
333,13,1.4125056,1.4669209
334,13,1.4125057,1.4549687
335,14,1.3081452,1.28899
336,14,1.316908,1.29476
337,14,1.3224742,1.28712
338,14,1.3268969,1.29549
339,14,1.3298367,1.29798
340,14,1.3298343,1.29837
341,14,1.3285536,1.29324
342,14,1.3261739,1.29631
343,14,1.3198203,1.29894
344,14,1.3082545,1.2883
345,14,1.3035189,1.28703
346,14,1.2983056,1.28733
347,14,1.2961754,1.28838
348,14,1.2950557,1.28722
349,14,1.2938282,1.27852
350,14,1.2922903,1.2858
351,15,0.9871708,0.9668
352,15,0.9871573,0.9706024
353,15,0.9871391,0.9672
354,15,0.9871292,0.96617
355,15,0.9871237,0.96166
356,15,0.987123,0.9612
357,15,0.98712355,0.9588807
358,15,0.9871262,0.95635
359,15,0.9871301,0.95675
360,15,0.98712534,0.95415
361,15,0.9871155,0.9551
362,15,0.9871068,0.9592
363,15,0.9871131,0.9609
364,15,0.9871132,0.9682
365,15,0.9871132,0.97022
366,15,0.9871132,0.97378
367,16,1.2890297,1.3032
368,16,1.2889786,1.30374
369,16,1.2889445,1.29675
370,16,1.2888713,1.29034
371,16,1.2887493,1.29972
372,16,1.2887481,1.3032
373,16,1.2887665,1.29993
374,16,1.2887846,1.31076
375,16,1.2887927,1.30004
376,16,1.2888157,1.2978
377,16,1.2889268,1.28735
378,16,1.2889665,1.28867
379,16,1.2888364,1.28797
380,16,1.2888342,1.2912
381,16,1.2888324,1.2851
382,16,1.288831,1.28757
383,17,0.9649151,0.97493
384,17,0.9654825,0.9817
385,17,0.9662926,0.9832
386,17,0.9674643,0.9814
387,17,0.96829987,0.99537
388,17,0.9694174,0.99694
389,17,0.9705894,0.99656
390,17,0.97138846,0.99732
391,17,0.97182506,0.99121
392,17,0.9723912,0.9853
393,17,0.97276235,0.9771
394,17,0.97313756,0.98218
395,17,0.97297853,0.97842
396,17,0.9731569,0.9789
397,17,0.97332686,0.9779
398,17,0.9734804,0.98725
399,18,1.4615221,1.4835
400,18,1.4615644,1.48229
401,18,1.4615734,1.485222
402,18,1.4615766,1.48003
403,18,1.461578,1.4663187
404,18,1.4615834,1.4679977
405,18,1.461582,1.45018
406,18,1.4615866,1.4526016
407,18,1.4615848,1.44456
408,18,1.4615791,1.4312909
409,18,1.4615784,1.4386419
410,18,1.4615885,1.43968
411,18,1.4615815,1.42976
412,18,1.4615815,1.429041
413,18,1.4615815,1.4163102
414,18,1.4615815,1.4232849
415,19,0.9929011,0.99537
416,19,0.9956067,0.99694
417,19,0.9985472,0.99656
418,19,1.0009657,0.99732
419,19,1.0028148,0.99121
420,19,1.0048554,0.9853
421,19,1.006543,0.9771
422,19,1.0081725,0.98218
423,19,1.0090173,0.97842
424,19,1.009616,0.9789
425,19,1.0101969,0.9779
426,19,1.0108685,0.98725
427,19,1.0111051,0.9797
428,19,1.0114536,0.98111
429,19,1.0117496,0.9778
430,19,1.0119869,0.97435
431,20,1.4411826,1.45121
432,20,1.4431058,1.44119
433,20,1.4436814,1.4368023
434,20,1.444207,1.4467593
435,20,1.4443755,1.4308199
436,20,1.4440926,1.4371946
437,20,1.444034,1.4120305
438,20,1.4440038,1.4081136
439,20,1.4436152,1.40311
440,20,1.4431269,1.4242985
441,20,1.441804,1.4245623
442,20,1.4404266,1.442169
443,20,1.4410471,1.4461316
444,20,1.4409502,1.44883
445,20,1.4410012,1.4538265
446,20,1.441105,1.4442519
447,21,0.95029336,0.9424
448,21,0.9502319,0.94137
449,21,0.95017886,0.94104
450,21,0.9501413,0.94579
451,21,0.9501138,0.9497
452,21,0.9500928,0.95132
453,21,0.95004016,0.95668
454,21,0.94997907,0.9587692
455,21,0.9499527,0.96443
456,21,0.9498946,0.96438
457,21,0.9498721,0.9664859
458,21,0.94985425,0.96369
459,21,0.9498904,0.9667519
460,21,0.94988763,0.96729
461,21,0.9498853,0.97402
462,21,0.9498833,0.97924
463,22,1.4420797,1.4476599
464,22,1.4378875,1.4584
465,22,1.4377887,1.46449
466,22,1.4375697,1.47152
467,22,1.4372395,1.4677822
468,22,1.436839,1.46806
469,22,1.4364429,1.4862374
470,22,1.4361736,1.4809549
471,22,1.4359264,1.478284
472,22,1.4366083,1.4596
473,22,1.4375216,1.45066
474,22,1.4366018,1.4828
475,22,1.4365072,1.4808
476,22,1.436497,1.4949918
477,22,1.4364471,1.4780437
478,22,1.4364082,1.48527
479,23,0.9944003,0.9849
480,23,0.99436283,0.98719
481,23,0.9943083,1.00213
482,23,0.9942785,1.00175
483,23,0.99424994,1.0012
484,23,0.99422264,0.99844
485,23,0.9941108,0.99698
486,23,0.9939969,1.0027
487,23,0.993868,1.01711
488,23,0.99367017,1.01636
489,23,0.9935918,1.0319
490,23,0.99353063,1.03946
491,23,0.9936452,1.04212
492,23,0.9936365,1.03029
493,23,0.9936274,1.01733
494,24,1.306699,1.31668
495,24,1.3067111,1.31594
496,24,1.3067139,1.32486
497,24,1.3067127,1.32654
498,24,1.3067104,1.3242
499,24,1.3067126,1.3364
500,24,1.3067106,1.34786
501,24,1.3067039,1.3472
502,24,1.3066968,1.35199
503,24,1.3066945,1.3712
504,24,1.3066968,1.3722
505,24,1.3067082,1.36292
506,24,1.3066981,1.36748
507,24,1.3066981,1.3756
508,24,1.3066981,1.3624
509,24,1.3066981,1.35071
510,25,1.4668076,1.4828
511,25,1.4681709,1.4808
512,25,1.4688553,1.4949918
513,25,1.4691503,1.4780437
514,25,1.4690154,1.48527
515,25,1.4690787,1.49361
516,25,1.4691049,1.5123102
517,25,1.4680586,1.5050721
518,25,1.4673166,1.5132027
519,25,1.466738,1.5451652
520,25,1.4672779,1.5533
521,25,1.4683132,1.53768
522,25,1.4674271,1.5361
523,25,1.4674901,1.5610365
524,25,1.4674633,1.53759
525,25,1.4673884,1.5352258
526,26,1.0174879,1.00213
527,26,1.0160748,1.00175
528,26,1.0066249,1.0012
529,26,0.9954255,0.99844
530,26,0.98607254,0.99698
531,26,0.9815044,1.0027
532,26,0.9841256,1.01711
533,26,1.0141263,1.01636
534,26,1.0241098,1.0319
535,26,1.022259,1.03946
536,26,1.0124519,1.04212
537,26,1.0006318,1.03029
538,26,0.98888886,1.01733
539,26,0.97999626,1.0199
540,26,0.9842,1.0167
541,26,1.0104526,1.0015
542,27,0.8627797,0.86933
543,27,0.86294854,0.86615
544,27,0.8630301,0.8731
545,27,0.86304545,0.8759636
546,27,0.8630101,0.87373
547,27,0.8629427,0.87864
548,27,0.86292094,0.8883
549,27,0.8628451,0.88786
550,27,0.8627797,0.9208103
551,27,0.8627098,0.92867
552,27,0.86272556,0.93219
553,27,0.86282873,0.92317
554,27,0.86273706,0.89501
555,27,0.8627373,0.8967001
556,27,0.8627347,0.8819
557,27,0.86273074,0.87325
558,28,1.0055455,1.01711
559,28,1.0055072,1.01636
560,28,1.005521,1.0319
561,28,1.00554,1.03946
562,28,1.0056323,1.04212
563,28,1.0057094,1.03029
564,28,1.0057207,1.01733
565,28,1.0057334,1.0199
566,28,1.0057484,1.0167
567,28,1.0057753,1.0015
568,28,1.0058092,1.00887
569,28,1.0058234,1.0213
570,28,1.0057819,1.02666
571,28,1.0057825,1.0295
572,28,1.0057834,1.03081
573,28,1.0057843,1.03036
574,29,0.9111649,0.9208103
575,29,0.91821694,0.92867
576,29,0.92273915,0.93219
577,29,0.92560405,0.92317
578,29,0.9283256,0.89501
579,29,0.9300393,0.8967001
580,29,0.93140495,0.8819
581,29,0.9323691,0.87325
582,29,0.9329598,0.88051
583,29,0.9334031,0.89582
584,29,0.9337871,0.9011201
585,29,0.9339992,0.90254
586,29,0.93437344,0.91199
587,29,0.9345778,0.90074
588,29,0.9347412,0.88476
589,30,1.0225763,1.0319
590,30,1.023097,1.03946
591,30,1.0236793,1.04212
592,30,1.0241448,1.03029
593,30,1.024431,1.01733
594,30,1.0246785,1.0199
595,30,1.0248935,1.0167
596,30,1.0250938,1.0015
597,30,1.0252732,1.00887
598,30,1.0254012,1.0213
599,30,1.0254507,1.02666
600,30,1.0255004,1.0295
601,30,1.0254784,1.03081
602,30,1.0254983,1.03036
603,30,1.0255141,1.02377
604,31,1.5213115,1.5451652
605,31,1.5218582,1.5533
606,31,1.5224069,1.53768
607,31,1.5227177,1.5361
608,31,1.5230118,1.5610365
609,31,1.5232013,1.53759
610,31,1.5234581,1.5352258
611,31,1.5236548,1.5354379
612,31,1.5237961,1.5589194
613,31,1.523848,1.5420676
614,31,1.523929,1.5880578
615,31,1.523973,1.59614
616,31,1.5238833,1.59335
617,31,1.523896,1.5885119
618,31,1.5239061,1.5955325
619,31,1.5239133,1.58786
620,32,1.000921,0.99222
621,32,1.0066379,0.9915
622,32,1.0097626,0.97779
623,32,1.0124055,0.9748
624,32,1.0140264,0.9884305
625,32,1.0148525,0.99274
626,32,1.01537,0.9787
627,32,1.0156444,0.98115
628,32,1.0157772,0.98988
629,32,1.0158839,0.9944024
630,32,1.0159937,0.99929
631,32,1.0160563,0.99761
632,32,1.0161169,0.9976
633,32,1.0161642,1.00169
634,32,1.0161985,1.0062391
635,32,1.0162205,0.99567
636,33,1.3578248,1.3712
637,33,1.359519,1.3722
638,33,1.3611101,1.36292
639,33,1.3622303,1.36748
640,33,1.3632374,1.3756
641,33,1.3640138,1.3624
642,33,1.3646816,1.35071
643,33,1.3652986,1.35954
644,33,1.3657142,1.3739
645,33,1.3659737,1.36731
646,33,1.3662214,1.377
647,33,1.3664027,1.37918
648,33,1.3663856,1.38178
649,33,1.3665069,1.37639
650,33,1.3666037,1.37655
651,33,1.3666787,1.37141
652,34,0.9871869,0.97779
653,34,0.98715246,0.9748
654,34,0.9871448,0.9884305
655,34,0.98715276,0.99274
656,34,0.9871632,0.9787
657,34,0.98718214,0.98115
658,34,0.98720676,0.98988
659,34,0.98722774,0.9944024
660,34,0.9872396,0.99929
661,34,0.98724675,0.99761
662,34,0.98723876,0.9976
663,34,0.9872296,1.00169
664,34,0.98724073,1.0062391
665,34,0.9872406,0.99567
666,34,0.9872406,0.9936
667,34,0.9872406,1.00484
668,35,0.89710873,0.89501
669,35,0.8940939,0.8967001
670,35,0.89293015,0.8819
671,35,0.89229506,0.87325
672,35,0.8918233,0.88051
673,35,0.891593,0.89582
674,35,0.8915143,0.9011201
675,35,0.8914576,0.90254
676,35,0.89152426,0.91199
677,35,0.8916487,0.90074
678,35,0.89195806,0.88476
679,35,0.89257514,0.8950148
680,35,0.89263004,0.88082
681,35,0.8927786,0.88157
682,35,0.89284414,0.89223
683,35,0.8928748,0.89107
684,36,1.0277387,1.01733
685,36,1.0274812,1.0199
686,36,1.027227,1.0167
687,36,1.0270133,1.0015
688,36,1.0268438,1.00887
689,36,1.0267378,1.0213
690,36,1.0267117,1.02666
691,36,1.0266939,1.0295
692,36,1.0267413,1.03081
693,36,1.0268118,1.03036
694,36,1.0268804,1.02377
695,36,1.0268887,1.0283
696,36,1.0268451,1.01584
697,36,1.0268499,1.01387
698,36,1.026853,1.02398
699,36,1.0268544,1.0225
700,37,0.9808218,0.9884305
701,37,0.9811152,0.99274
702,37,0.98133487,0.9787
703,37,0.9815236,0.98115
704,37,0.9816878,0.98988
705,37,0.9817984,0.9944024
706,37,0.9818347,0.99929
707,37,0.98182875,0.99761
708,37,0.981737,0.9976
709,37,0.98165864,1.00169
710,37,0.98169565,1.0062391
711,37,0.98175114,0.99567
712,37,0.9816945,0.9936
713,37,0.9817033,1.00484
714,37,0.9817086,1.0038
715,38,0.8835614,0.8819
716,38,0.88169456,0.87325
717,38,0.8805018,0.88051
718,38,0.88002515,0.89582
719,38,0.8798715,0.9011201
720,38,0.8798074,0.90254
721,38,0.8800557,0.91199
722,38,0.8810695,0.90074
723,38,0.88369066,0.88476
724,38,0.8879567,0.8950148
725,38,0.89047486,0.88082
726,38,0.89308757,0.88157
727,38,0.893071,0.89223
728,38,0.89294463,0.89107
729,38,0.8922034,0.8840951
730,38,0.8910408,0.88444
731,39,1.0087551,1.0015
732,39,1.0075916,1.00887
733,39,1.0069953,1.0213
734,39,1.0068578,1.02666
735,39,1.0069087,1.0295
736,39,1.0074883,1.03081
737,39,1.0086726,1.03036
738,39,1.0106304,1.02377
739,39,1.0123448,1.0283
740,39,1.013253,1.01584
741,39,1.0142632,1.01387
742,39,1.014924,1.02398
743,39,1.0143692,1.0225
744,39,1.0142376,1.0139
745,39,1.0138836,1.01167
746,39,1.0133632,1.00378
747,40,0.9867015,0.9787
748,40,0.98665404,0.98115
749,40,0.9866528,0.98988
750,40,0.98665345,0.9944024
751,40,0.9866539,0.99929
752,40,0.986654,0.99761
753,40,0.9866464,0.9976
754,40,0.98663753,1.00169
755,40,0.9866402,1.0062391
756,40,0.9866477,0.99567
757,40,0.9866464,0.9936
758,40,0.9866405,1.00484
759,40,0.9866455,1.0038
760,40,0.98664546,0.9975106
761,40,0.98664546,0.99961
762,40,0.9866454,0.99482
763,41,1.3694642,1.3739
764,41,1.3703682,1.36731
765,41,1.3712832,1.377
766,41,1.3719702,1.37918
767,41,1.3718681,1.38178
768,41,1.371762,1.37639
769,41,1.3720762,1.37655
770,41,1.3722217,1.37141
771,41,1.3720654,1.37266
772,41,1.3724777,1.37731
773,41,1.3733323,1.37765
774,41,1.3738164,1.35565
775,41,1.3737795,1.36972
776,41,1.3739132,1.3618
777,41,1.3740206,1.35492
778,41,1.3741015,1.356
779,42,0.90665793,0.89582
780,42,0.9096466,0.9011201
781,42,0.9118587,0.90254
782,42,0.91193086,0.91199
783,42,0.91055775,0.90074
784,42,0.903697,0.88476
785,42,0.8847166,0.8950148
786,42,0.881686,0.88082
787,42,0.8795511,0.88157
788,42,0.8895445,0.89223
789,42,0.90223426,0.89107
790,42,0.90762997,0.8840951
791,42,0.90936416,0.88444
792,42,0.9095309,0.87262
793,42,0.9087739,0.8591
794,42,0.9061944,0.86465
795,43,1.5690244,1.5880578
796,43,1.5713602,1.59614
797,43,1.5721947,1.59335
798,43,1.5728016,1.5885119
799,43,1.5742673,1.5955325
800,43,1.5758405,1.58786
801,43,1.5763967,1.5832806
802,43,1.5780097,1.5956598
803,43,1.579676,1.5937271
804,43,1.5812591,1.5379174
805,43,1.5819652,1.5797788
806,43,1.583235,1.5663179
807,43,1.5829725,1.53931
808,43,1.5833818,1.55015
809,43,1.5837322,1.5479876
810,43,1.5840713,1.5596
811,44,0.88824785,0.88476
812,44,0.887795,0.8950148
813,44,0.889042,0.88082
814,44,0.89052296,0.88157
815,44,0.8922846,0.89223
816,44,0.89503574,0.89107
817,44,0.8962512,0.8840951
818,44,0.89446014,0.88444
819,44,0.8916601,0.87262
820,44,0.8891964,0.8591
821,44,0.8875595,0.86465
822,44,0.88768333,0.8610298
823,44,0.88837725,0.87198
824,44,0.88914645,0.87037
825,44,0.8898211,0.8784
826,44,0.8900508,0.89517
827,45,0.8872017,0.88082
828,45,0.88717103,0.88157
829,45,0.8872043,0.89223
830,45,0.88726294,0.89107
831,45,0.8872634,0.8840951
832,45,0.8871731,0.88444
833,45,0.88705707,0.87262
834,45,0.88694024,0.8591
835,45,0.8867804,0.86465
836,45,0.8866959,0.8610298
837,45,0.88670707,0.87198
838,45,0.88665986,0.87037
839,45,0.8866947,0.8784
840,45,0.88669044,0.89517
841,45,0.8866862,0.8793
842,45,0.8866818,0.86855
843,46,0.998066,1.00484
844,46,0.99819833,1.0038
845,46,0.9983002,0.9975106
846,46,0.99834865,0.99961
847,46,0.9983716,0.99482
848,46,0.9983701,0.98473
849,46,0.9983755,0.99034
850,46,0.99837965,0.9960821
851,46,0.9983644,1.0014
852,46,0.9983274,0.99972
853,46,0.99834096,1.00329
854,46,0.99836314,1.01344
855,46,0.9983324,0.9976274
856,46,0.99833393,0.98886
857,46,0.9983347,0.98445
858,46,0.99833494,0.98358
859,47,1.5756494,1.5379174
860,47,1.5756472,1.5797788
861,47,1.5756536,1.5663179
862,47,1.5756538,1.53931
863,47,1.5756525,1.55015
864,47,1.5756514,1.5479876
865,47,1.5756516,1.5596
866,47,1.575649,1.5633305
867,47,1.5756477,1.5776106
868,47,1.575647,1.5902296
869,47,1.5756392,1.5468
870,47,1.5756261,1.54452
871,47,1.5756412,1.5363107
872,47,1.5756412,1.5549439
873,47,1.5756412,1.5136379
874,48,1.3702211,1.35565
875,48,1.3702216,1.36972
876,48,1.370229,1.3618
877,48,1.3702321,1.35492
878,48,1.3702333,1.356
879,48,1.3702313,1.35191
880,48,1.3702306,1.36107
881,48,1.3702283,1.36183
882,48,1.3702289,1.37153
883,48,1.370228,1.37424
884,48,1.3702216,1.3479
885,48,1.3702105,1.34921
886,48,1.3702232,1.34154
887,48,1.3702232,1.3527
888,48,1.3702232,1.33318
889,49,1.3682408,1.36972
890,49,1.3682351,1.3618
891,49,1.3681504,1.35492
892,49,1.3680423,1.356
893,49,1.3679092,1.35191
894,49,1.3678194,1.36107
895,49,1.3677278,1.36183
896,49,1.367685,1.37153
897,49,1.3676308,1.37424
898,49,1.3675294,1.3479
899,49,1.3674219,1.34921
900,49,1.3675554,1.34154
901,49,1.3675302,1.3527
902,49,1.3675214,1.33318
903,49,1.3675125,1.13213
904,49,1.3675047,1.33238
905,50,1.5704942,1.5797788
906,50,1.5705696,1.5663179
907,50,1.5705228,1.53931
908,50,1.5704564,1.55015
909,50,1.5703956,1.5479876
910,50,1.5703461,1.5596
911,50,1.5702752,1.5633305
912,50,1.5702233,1.5776106
913,50,1.5701844,1.5902296
914,50,1.5700985,1.5468
915,50,1.5700085,1.54452
916,50,1.5701286,1.5363107
917,50,1.570094,1.5549439
918,50,1.5700927,1.5136379
919,50,1.5700909,1.4914
920,50,1.5700892,1.494143
921,51,1.0016359,0.9907
922,51,1.0012865,1.00326
923,51,1.0008893,1.0034
924,51,1.0005366,1.0115
925,51,1.00007,1.01239
926,51,0.9997776,1.01891
927,51,0.99949723,1.02568
928,51,0.9990154,1.0015
929,51,0.99855214,0.9982
930,51,0.99825424,0.99198
931,51,0.99800265,0.99803
932,51,0.99790776,0.98115
933,51,0.99806094,0.964
934,51,0.9979892,0.96898
935,51,0.9979217,0.96545
936,51,0.9978602,0.962
937,52,0.87189823,0.8591
938,52,0.8714561,0.86465
939,52,0.87112004,0.8610298
940,52,0.8709423,0.87198
941,52,0.8706397,0.87037
942,52,0.8704879,0.8784
943,52,0.8703221,0.89517
944,52,0.8700366,0.8793
945,52,0.8697721,0.86855
946,52,0.86959636,0.8656
947,52,0.86942375,0.87958
948,52,0.8693965,0.855
949,52,0.86952454,0.84548
950,52,0.86949366,0.85088
951,52,0.86946774,0.84172
952,52,0.8694457,0.83926
953,53,0.99898535,1.00326
954,53,0.9988859,1.0034
955,53,0.99879026,1.0115
956,53,0.9986579,1.01239
957,53,0.99856585,1.01891
958,53,0.9984724,1.02568
959,53,0.99832875,1.0015
960,53,0.99820364,0.9982
961,53,0.9981266,0.99198
962,53,0.9980667,0.99803
963,53,0.99804693,0.98115
964,53,0.9980767,0.964
965,53,0.9980536,0.96898
966,53,0.9980494,0.96545
967,53,0.9980453,0.962
968,53,0.9980416,0.96513
969,54,0.88151455,0.89517
970,54,0.8815247,0.8793
971,54,0.8815239,0.86855
972,54,0.88152117,0.8656
973,54,0.88151497,0.87958
974,54,0.88150626,0.855
975,54,0.8814994,0.84548
976,54,0.8814942,0.85088
977,54,0.881491,0.84172
978,54,0.88148946,0.83926
979,54,0.8814889,0.8432
980,54,0.8814898,0.8409014
981,54,0.88149154,0.84548
982,54,0.88149154,0.84072
983,54,0.88149154,0.82792
984,54,0.88149154,0.82552
985,55,0.88382363,0.8793
986,55,0.8836442,0.86855
987,55,0.88361657,0.8656
988,55,0.8836234,0.87958
989,55,0.8838129,0.855
990,55,0.8841525,0.84548
991,55,0.88439244,0.85088
992,55,0.8846386,0.84172
993,55,0.88475806,0.83926
994,55,0.8848829,0.8432
995,55,0.88493145,0.8409014
996,55,0.88483745,0.84548
997,55,0.88488674,0.84072
998,55,0.88489586,0.82792
999,55,0.8849072,0.82552
1000,56,1.0050869,0.9976274
1001,56,1.0050243,0.98886
1002,56,1.0050159,0.98445
1003,56,1.005006,0.98358
1004,56,1.005017,0.96491
1005,56,1.0050585,0.9424
1006,56,1.0050842,0.94331
1007,56,1.005098,0.9429
1008,56,1.0051026,0.94438
1009,56,1.0051111,0.9528
1010,56,1.0051137,0.9541
1011,56,1.005098,0.95843
1012,56,1.0051106,0.95109
1013,56,1.0051105,0.94096
1014,56,1.0051105,0.94337
1015,57,1.5477295,1.5468
1016,57,1.5529621,1.54452
1017,57,1.5560937,1.5363107
1018,57,1.5628318,1.5549439
1019,57,1.568899,1.5136379
1020,57,1.5716609,1.4914
1021,57,1.5707111,1.494143
1022,57,1.5636479,1.47713
1023,57,1.5554743,1.4838116
1024,57,1.5528872,1.49528
1025,57,1.5571876,1.4977
1026,57,1.5649029,1.513363
1027,57,1.569256,1.5038
1028,57,1.5705756,1.48214
1029,57,1.5687033,1.47802
1030,58,1.0147396,1.0015
1031,58,1.0146811,0.9982
1032,58,1.0148213,0.99198
1033,58,1.0149773,0.99803
1034,58,1.0151236,0.98115
1035,58,1.0152541,0.964
1036,58,1.015278,0.96898
1037,58,1.0152855,0.96545
1038,58,1.0152705,0.962
1039,58,1.0152711,0.96513
1040,58,1.0152704,0.9665
1041,58,1.0152676,0.97602
1042,58,1.0153364,0.96983
1043,58,1.0153401,0.95985
1044,58,1.0153428,0.96078
1045,59,1.3631526,1.3479
1046,59,1.3623544,1.34921
1047,59,1.3626034,1.34154
1048,59,1.3629229,1.3527
1049,59,1.3636347,1.33318
1050,59,1.3643203,1.13213
1051,59,1.3646474,1.33238
1052,59,1.3646822,1.32735
1053,59,1.3642651,1.33354
1054,59,1.3638802,1.3324
1055,59,1.3635974,1.3413
1056,59,1.3637702,1.34463
1057,59,1.3644824,1.33625
1058,59,1.3646301,1.3339
1059,59,1.364747,1.33366
1060,60,0.87148964,0.87958
1061,60,0.87149924,0.855
1062,60,0.87150115,0.84548
1063,60,0.87148255,0.85088
1064,60,0.8714602,0.84172
1065,60,0.8714223,0.83926
1066,60,0.87139064,0.8432
1067,60,0.8713527,0.8409014
1068,60,0.8713001,0.84548
1069,60,0.87128425,0.84072
1070,60,0.87128395,0.82792
1071,60,0.8712861,0.82552
1072,60,0.8712702,0.8268563
1073,60,0.87126863,0.8361
1074,60,0.87126714,0.83704
1075,60,0.87126595,0.8279859
1076,61,0.9776531,0.96491
1077,61,0.97749895,0.9424
1078,61,0.97720367,0.94331
1079,61,0.9767938,0.9429
1080,61,0.9763047,0.94438
1081,61,0.9758417,0.9528
1082,61,0.9753521,0.9541
1083,61,0.9747801,0.95843
1084,61,0.9744481,0.95109
1085,61,0.97424877,0.94096
1086,61,0.97411585,0.94337
1087,61,0.97400165,0.9458
1088,61,0.97410685,0.94879
1089,61,0.97404206,0.95452
1090,61,0.9739803,0.94387
1091,61,0.9739247,0.93642
1092,62,1.3419639,1.33318
1093,62,1.3418463,1.13213
1094,62,1.3417354,1.33238
1095,62,1.3416439,1.32735
1096,62,1.3415302,1.33354
1097,62,1.3414226,1.3324
1098,62,1.3412917,1.3413
1099,62,1.3411596,1.34463
1100,62,1.341127,1.33625
1101,62,1.3410932,1.3339
1102,62,1.3410884,1.33366
1103,62,1.3410467,1.3398
1104,62,1.3410752,1.34899
1105,62,1.3410703,1.35837
1106,62,1.3410662,1.34142
1107,62,1.3410628,1.34354
1108,63,1.5335095,1.5136379
1109,63,1.5332978,1.4914
1110,63,1.5329599,1.494143
1111,63,1.5326315,1.47713
1112,63,1.5322104,1.4838116
1113,63,1.531772,1.49528
1114,63,1.5312296,1.4977
1115,63,1.5306045,1.513363
1116,63,1.5304165,1.5038
1117,63,1.5302578,1.48214
1118,63,1.5301827,1.47802
1119,63,1.5299337,1.4808
1120,63,1.5300885,1.5030813
1121,63,1.5300398,1.49618
1122,63,1.5299947,1.4706531
1123,63,1.5299553,1.46821
1124,64,0.9901212,0.98115
1125,64,0.9900687,0.964
1126,64,0.9898776,0.96898
1127,64,0.9896681,0.96545
1128,64,0.98938733,0.962
1129,64,0.98910487,0.96513
1130,64,0.98878646,0.9665
1131,64,0.9884431,0.97602
1132,64,0.9883192,0.96983
1133,64,0.98822904,0.95985
1134,64,0.9881931,0.96078
1135,64,0.9881104,0.9601
1136,64,0.9881663,0.9666
1137,64,0.9881431,0.9686
1138,64,0.9881209,0.9592
1139,64,0.9881013,0.94981
1140,65,0.8660269,0.855
1141,65,0.86623335,0.84548
1142,65,0.86629856,0.85088
1143,65,0.8664062,0.84172
1144,65,0.86628777,0.83926
1145,65,0.86618507,0.8432
1146,65,0.86590713,0.8409014
1147,65,0.8652518,0.84548
1148,65,0.8649334,0.84072
1149,65,0.86485904,0.82792
1150,65,0.8648491,0.82552
1151,65,0.8645127,0.8268563
1152,65,0.86475235,0.8361
1153,65,0.8647239,0.83704
1154,65,0.864688,0.8279859
1155,65,0.8646486,0.81569
1156,66,1.2720462,1.13213
1157,66,1.2708445,1.33238
1158,66,1.2695584,1.32735
1159,66,1.2680976,1.33354
1160,66,1.2665813,1.3324
1161,66,1.2649037,1.3413
1162,66,1.2631748,1.34463
1163,66,1.2618152,1.33625
1164,66,1.260456,1.3339
1165,66,1.2592231,1.33366
1166,66,1.2578539,1.3398
1167,66,1.2568046,1.34899
1168,66,1.2587562,1.35837
1169,66,1.2585132,1.34142
1170,66,1.25829,1.34354
1171,67,0.97979176,0.964
1172,67,0.97937495,0.96898
1173,67,0.9791282,0.96545
1174,67,0.97902143,0.962
1175,67,0.9790292,0.96513
1176,67,0.97906655,0.9665
1177,67,0.9791067,0.97602
1178,67,0.9791399,0.96983
1179,67,0.9791635,0.95985
1180,67,0.9791795,0.96078
1181,67,0.9791914,0.9601
1182,67,0.979189,0.9666
1183,67,0.9791773,0.9686
1184,67,0.97917855,0.9592
1185,67,0.97917897,0.94981
1186,68,0.9611033,0.9424
1187,68,0.9604978,0.94331
1188,68,0.9600573,0.9429
1189,68,0.9596999,0.94438
1190,68,0.9594166,0.9528
1191,68,0.95919883,0.9541
1192,68,0.95903987,0.95843
1193,68,0.95893663,0.95109
1194,68,0.9588714,0.94096
1195,68,0.95883334,0.94337
1196,68,0.9588186,0.9458
1197,68,0.95881957,0.94879
1198,68,0.95881844,0.95452
1199,68,0.95881027,0.94387
1200,68,0.9588047,0.93642
1201,69,1.264804,1.33238
1202,69,1.2673683,1.32735
1203,69,1.2670926,1.33354
1204,69,1.2671623,1.3324
1205,69,1.2671468,1.3413
1206,69,1.2670925,1.34463
1207,69,1.2670395,1.33625
1208,69,1.2669568,1.3339
1209,69,1.2668594,1.33366
1210,69,1.2667159,1.3398
1211,69,1.2665852,1.34899
1212,69,1.2668492,1.35837
1213,69,1.2667297,1.34142
1214,69,1.2667382,1.34354
1215,69,1.266737,1.3493
1216,69,1.2667369,1.3587
1217,70,0.8383682,0.82792
1218,70,0.8381778,0.82552
1219,70,0.83795553,0.8268563
1220,70,0.83785594,0.8361
1221,70,0.8378088,0.83704
1222,70,0.8377473,0.8279859
1223,70,0.8377249,0.81569
1224,70,0.8377126,0.8131742
1225,70,0.8376886,0.8201
1226,70,0.83767545,0.82414
1227,70,0.83764774,0.81877
1228,70,0.83763933,0.81734
1229,70,0.8376755,0.8150959
1230,70,0.8376722,0.81498
1231,70,0.83766985,0.80938
1232,70,0.83766854,0.80519
1233,71,0.9437658,0.94096
1234,71,0.9434691,0.94337
1235,71,0.9434273,0.9458
1236,71,0.94340277,0.94879
1237,71,0.94341415,0.95452
1238,71,0.94342643,0.94387
1239,71,0.94344366,0.93642
1240,71,0.94345593,0.9358
1241,71,0.9434439,0.9422
1242,71,0.9434258,0.94201
1243,71,0.94339585,0.9401
1244,71,0.9433794,0.93602
1245,71,0.94338465,0.9347
1246,71,0.943384,0.93574
1247,71,0.94338393,0.92897
1248,71,0.94338393,0.92431
1249,72,1.3497367,1.34142
1250,72,1.349788,1.34354
1251,72,1.349816,1.3493
1252,72,1.3498642,1.3587
1253,72,1.3498591,1.36493
1254,72,1.3498353,1.36521
1255,72,1.349879,1.35985
1256,72,1.3499528,1.3724
1257,72,1.350043,1.36309
1258,72,1.3501035,1.35554
1259,72,1.3501079,1.35503
1260,72,1.3500469,1.36562
1261,72,1.3500983,1.374
1262,72,1.3500988,1.3642
1263,72,1.3500994,1.35993
1264,72,1.3501,1.36149
1265,73,0.9488195,0.94387
1266,73,0.9488246,0.93642
1267,73,0.94882643,0.9358
1268,73,0.94881266,0.9422
1269,73,0.9488003,0.94201
1270,73,0.9487836,0.9401
1271,73,0.9487847,0.93602
1272,73,0.948806,0.9347
1273,73,0.9488195,0.93574
1274,73,0.9488261,0.92897
1275,73,0.9488261,0.92431
1276,73,0.94881517,0.9275
1277,73,0.9488268,0.9315711
1278,73,0.9488268,0.92854
1279,73,0.9488268,0.9262
1280,73,0.9488269,0.92645
1281,74,0.81162226,0.82026
1282,74,0.8116353,0.8233841
1283,74,0.8116456,0.822639
1284,74,0.8116549,0.8204
1285,74,0.81166494,0.828
1286,74,0.81167424,0.83063
1287,74,0.8116801,0.8296001
1288,74,0.8116839,0.82757
1289,74,0.81168604,0.83141
1290,74,0.81168795,0.83136
1291,74,0.8116877,0.82944
1292,74,0.8116861,0.8265146
1293,74,0.8116893,0.82891
1294,74,0.81168926,0.83558
1295,74,0.8116892,0.82938
1296,74,0.81168914,0.83961
1297,75,1.4977684,1.4912241
1298,75,1.485813,1.4887599
1299,75,1.4762318,1.4912909
1300,75,1.4695203,1.4951035
1301,75,1.4635326,1.48956
1302,75,1.4601672,1.49775
1303,75,1.4848671,1.4877
1304,75,1.4980787,1.4826676
1305,75,1.4906422,1.48606
1306,75,1.4837404,1.4821182
1307,75,1.4739935,1.4779781
1308,75,1.4679607,1.469076
1309,75,1.4608128,1.4688
1310,75,1.462724,1.4868562
1311,75,1.5007454,1.46432
1312,75,1.5010982,1.4808233
1313,76,0.9388506,0.94824
1314,76,0.9388279,0.94277
1315,76,0.93881166,0.9504
1316,76,0.93877476,0.9376
1317,76,0.93872666,0.93169
1318,76,0.93874425,0.9311
1319,76,0.9387354,0.92885
1320,76,0.938725,0.92079
1321,76,0.93870604,0.9217
1322,76,0.938722,0.92334
1323,76,0.93880194,0.9265
1324,76,0.93882895,0.92611
1325,76,0.938726,0.92303
1326,76,0.9387248,0.9193
1327,76,0.9387238,0.9196
1328,76,0.938723,0.918
1329,77,0.9279625,0.93606
1330,77,0.92793465,0.92955
1331,77,0.92796624,0.93593
1332,77,0.92798465,0.9276441
1333,77,0.9278873,0.92105
1334,77,0.9277514,0.92234
1335,77,0.9276663,0.9307
1336,77,0.9276595,0.9272
1337,77,0.92768866,0.9272
1338,77,0.9278232,0.92539
1339,77,0.9278989,0.92191
1340,77,0.9279628,0.91593
1341,77,0.9277332,0.9155
1342,77,0.92772764,0.9199
1343,77,0.9277228,0.92167
1344,77,0.9277171,0.9221
1345,78,1.4727981,1.46432
1346,78,1.472577,1.4808233
1347,78,1.4723861,1.4528549
1348,78,1.4721097,1.4472618
1349,78,1.4719266,1.45066
1350,78,1.4717944,1.4469686
1351,78,1.4716291,1.435235
1352,78,1.471511,1.4318442
1353,78,1.4714409,1.435338
1354,78,1.471466,1.43094
1355,78,1.4714878,1.4400714
1356,78,1.4713191,1.4463408
1357,78,1.471398,1.4359563
1358,78,1.4713798,1.42266
1359,78,1.4713641,1.4182788
1360,78,1.471351,1.4068655
1361,79,1.3570052,1.34851
1362,79,1.356921,1.35625
1363,79,1.3567858,1.3446
1364,79,1.3565925,1.3392
1365,79,1.3563823,1.34336
1366,79,1.3564152,1.34293
1367,79,1.3565376,1.3376
1368,79,1.3564374,1.3398
1369,79,1.3564718,1.33979
1370,79,1.356467,1.339
1371,79,1.356471,1.34958
1372,79,1.3561549,1.34638
1373,79,1.3563912,1.339
1374,79,1.3563733,1.33702
1375,79,1.3563575,1.3371
1376,79,1.3563454,1.33798
1377,80,0.8357193,0.83961
1378,80,0.83584714,0.8268563
1379,80,0.8359409,0.82069
1380,80,0.83605874,0.82274
1381,80,0.8362092,0.8224
1382,80,0.8362983,0.81849
1383,80,0.83638656,0.8175278
1384,80,0.83649695,0.81909
1385,80,0.8366373,0.81402
1386,80,0.8367369,0.80987
1387,80,0.8367511,0.80689
1388,80,0.83683944,0.8069071
1389,80,0.83680665,0.80777
1390,80,0.83682084,0.81088
1391,80,0.8368334,0.8057
1392,80,0.8368449,0.80546
1393,81,1.4655215,1.4528549
1394,81,1.4652379,1.4472618
1395,81,1.465017,1.45066
1396,81,1.4648288,1.4469686
1397,81,1.4646045,1.435235
1398,81,1.4644141,1.4318442
1399,81,1.4642605,1.435338
1400,81,1.4641919,1.43094
1401,81,1.4641267,1.4400714
1402,81,1.4638872,1.4463408
1403,81,1.46388,1.4359563
1404,81,1.4637086,1.42266
1405,81,1.4638219,1.4182788
1406,81,1.4638009,1.4068655
1407,81,1.4637831,1.4056592
1408,82,0.9433424,0.9376
1409,82,0.9433442,0.93169
1410,82,0.94340336,0.9311
1411,82,0.94344085,0.92885
1412,82,0.9434762,0.92079
1413,82,0.9435033,0.9217
1414,82,0.94355243,0.92334
1415,82,0.94364554,0.9265
1416,82,0.94369733,0.92611
1417,82,0.94366276,0.92303
1418,82,0.9436697,0.9193
1419,82,0.94361883,0.9196
1420,82,0.9436671,0.918
1421,82,0.9436698,0.91566
1422,82,0.9436724,0.9179
1423,83,0.83223635,0.8268563
1424,83,0.8322498,0.82069
1425,83,0.8322781,0.82274
1426,83,0.8323245,0.8224
1427,83,0.8323345,0.81849
1428,83,0.8323454,0.8175278
1429,83,0.8323741,0.81909
1430,83,0.83242506,0.81402
1431,83,0.8324524,0.80987
1432,83,0.8324248,0.80689
1433,83,0.83244944,0.8069071
1434,83,0.83239,0.80777
1435,83,0.83243936,0.81088
1436,83,0.8324411,0.8057
1437,83,0.83244276,0.80546
1438,84,1.4132996,1.4168119
1439,84,1.413035,1.4180374
1440,84,1.4111538,1.3990514
1441,84,1.4086329,1.41375
1442,84,1.4068167,1.4438348
1443,84,1.4060947,1.4516316
1444,84,1.406742,1.4357914
1445,84,1.4081252,1.4430014
1446,84,1.4095584,1.4411714
1447,84,1.409726,1.447178
1448,84,1.4090843,1.43495
1449,84,1.4077644,1.431
1450,84,1.4074895,1.44781
1451,84,1.4074503,1.45715
1452,84,1.4077963,1.4532771
1453,84,1.4082649,1.4473875
1454,85,0.92138743,0.9162
1455,85,0.9211422,0.90719
1456,85,0.92107946,0.91324
1457,85,0.9213241,0.9262948
1458,85,0.9215928,0.928
1459,85,0.92165077,0.9213438
1460,85,0.921629,0.92091
1461,85,0.9215908,0.922
1462,85,0.9217971,0.9248
1463,85,0.9218595,0.91874
1464,85,0.9218241,0.9213
1465,85,0.92164975,0.92336
1466,85,0.9219138,0.92645
1467,85,0.9219305,0.9248
1468,85,0.9219611,0.92318
1469,85,0.92199683,0.92753
1470,86,0.9165267,0.9079
1471,86,0.91617185,0.917
1472,86,0.9158063,0.9234
1473,86,0.91554564,0.93201
1474,86,0.9154266,0.9319
1475,86,0.9152813,0.9332
1476,86,0.91519386,0.93113
1477,86,0.91519874,0.9345
1478,86,0.9150979,0.93185
1479,86,0.9149134,0.93148
1480,86,0.9146304,0.93529
1481,86,0.91438216,0.93756
1482,86,0.91469765,0.9327
1483,86,0.9146274,0.9361
1484,86,0.9145689,0.93882
1485,86,0.9145231,0.94288
1486,87,1.4097733,1.3990514
1487,87,1.4092852,1.41375
1488,87,1.4087524,1.4438348
1489,87,1.4082642,1.4516316
1490,87,1.4079438,1.4357914
1491,87,1.4077889,1.4430014
1492,87,1.4076933,1.4411714
1493,87,1.4077003,1.447178
1494,87,1.4077116,1.43495
1495,87,1.4077778,1.431
1496,87,1.4076734,1.44781
1497,87,1.4075779,1.45715
1498,87,1.4076501,1.4532771
1499,87,1.4076203,1.4473875
1500,87,1.4075986,1.4570038
1501,87,1.4075842,1.4678
1502,88,0.91590905,0.90719
1503,88,0.91587687,0.91324
1504,88,0.9158804,0.9262948
1505,88,0.91587704,0.928
1506,88,0.9158334,0.9213438
1507,88,0.9157735,0.92091
1508,88,0.91571003,0.922
1509,88,0.91569006,0.9248
1510,88,0.9156459,0.91874
1511,88,0.9155844,0.9213
1512,88,0.9154969,0.92336
1513,88,0.91549444,0.92645
1514,88,0.91557544,0.9248
1515,88,0.9155719,0.92318
1516,88,0.9155686,0.92753
1517,88,0.9155652,0.93124
1518,89,0.8162038,0.8182
1519,89,0.81628567,0.8299444
1520,89,0.816361,0.83145
1521,89,0.81656235,0.82955
1522,89,0.8167956,0.8284
1523,89,0.8168276,0.82531
1524,89,0.8169343,0.8288438
1525,89,0.8118486,0.82296
1526,89,0.8083344,0.82141
1527,89,0.8085585,0.83072
1528,89,0.808639,0.83505
1529,89,0.8088798,0.83022
1530,89,0.8088833,0.83062
1531,89,0.8089222,0.82577
1532,89,0.8089593,0.82988
1533,89,0.8089941,0.8321
1534,90,1.438259,1.4438348
1535,90,1.4380052,1.4516316
1536,90,1.43718,1.4357914
1537,90,1.4354453,1.4430014
1538,90,1.4316033,1.4411714
1539,90,1.4255605,1.447178
1540,90,1.4191232,1.43495
1541,90,1.4128852,1.431
1542,90,1.4089607,1.44781
1543,90,1.4052117,1.45715
1544,90,1.4025111,1.4532771
1545,90,1.4067057,1.4473875
1546,90,1.413338,1.4570038
1547,90,1.4235836,1.4678
1548,90,1.4313651,1.4684
1549,91,0.9265349,0.9262948
1550,91,0.9111766,0.928
1551,91,0.90872633,0.9213438
1552,91,0.91169405,0.92091
1553,91,0.9257503,0.922
1554,91,0.92863625,0.9248
1555,91,0.9161785,0.91874
1556,91,0.9089116,0.9213
1557,91,0.9104257,0.92336
1558,91,0.92506915,0.92645
1559,91,0.92888916,0.9248
1560,91,0.91931486,0.92318
1561,91,0.90908223,0.92753
1562,91,0.9093209,0.93124
1563,91,0.9226223,0.93369
1564,92,0.8347596,0.8299444
1565,92,0.8354828,0.83145
1566,92,0.83654034,0.82955
1567,92,0.8377999,0.8284
1568,92,0.838834,0.82531
1569,92,0.8336586,0.8288438
1570,92,0.8156193,0.82296
1571,92,0.81186414,0.82141
1572,92,0.8114174,0.83072
1573,92,0.81125516,0.83505
1574,92,0.81111646,0.83022
1575,92,0.81107414,0.83062
1576,92,0.8110539,0.82577
1577,92,0.811042,0.82988
1578,92,0.81103504,0.8321
1579,93,0.8268882,0.83072
1580,93,0.8278282,0.83505
1581,93,0.8290376,0.83022
1582,93,0.82955503,0.83062
1583,93,0.82940954,0.82577
1584,93,0.82918465,0.82988
1585,93,0.8290805,0.8321
1586,93,0.82906014,0.8373106
1587,93,0.82923746,0.82898
1588,93,0.82922685,0.83101
1589,93,0.82956463,0.83141
1590,93,0.82998604,0.83679
1591,93,0.8299074,0.8308028
1592,93,0.8300419,0.83153
1593,93,0.830131,0.84546
1594,93,0.8301608,0.84388
1595,94,0.8327251,0.82898
1596,94,0.8327179,0.83101
1597,94,0.8327391,0.83141
1598,94,0.8327641,0.83679
1599,94,0.83276427,0.8308028
1600,94,0.832753,0.83153
1601,94,0.8327546,0.84546
1602,94,0.83275604,0.84388
1603,94,0.83277076,0.83865
1604,94,0.8327764,0.8309789
1605,94,0.832778,0.82183
1606,94,0.8327675,0.82291
1607,94,0.8327752,0.82863
1608,94,0.8327752,0.8256411
1609,94,0.83277524,0.8208
1610,94,0.8327753,0.81468
1611,95,0.83577996,0.84546
1612,95,0.83583623,0.84388
1613,95,0.83593976,0.83865
1614,95,0.8359988,0.8309789
1615,95,0.8360366,0.82183
1616,95,0.8360254,0.82291
1617,95,0.8360893,0.82863
1618,95,0.83613235,0.8256411
1619,95,0.83617085,0.8208
1620,95,0.83616555,0.81468
1621,95,0.83620745,0.81794
1622,95,0.8362422,0.8145
1623,95,0.8361718,0.81423
1624,95,0.8361749,0.8177952
1625,95,0.8361776,0.8132
1626,95,0.8361795,0.811
1627,96,1.4954139,1.5172205
1628,96,1.4984415,1.51642
1629,96,1.5007793,1.517681
1630,96,1.5024014,1.5199878
1631,96,1.5040334,1.5025167
1632,96,1.5046114,1.4952
1633,96,1.5054555,1.5103459
1634,96,1.5062531,1.50015
1635,96,1.5074574,1.4788524
1636,96,1.5083665,1.48876
1637,96,1.5097054,1.4973422
1638,96,1.5106295,1.49303
1639,96,1.5101012,1.49663
1640,96,1.510628,1.5029
1641,96,1.5110433,1.5015
1642,96,1.5113784,1.4910685
1643,97,0.9367588,0.94223
1644,97,0.93742216,0.94085
1645,97,0.93784845,0.93288
1646,97,0.9381,0.9199
1647,97,0.93824387,0.91253
1648,97,0.93813556,0.9145
1649,97,0.93820596,0.93126
1650,97,0.93805003,0.929
1651,97,0.93799216,0.9228
1652,97,0.93785524,0.92922
1653,97,0.9379496,0.9217
1654,97,0.938232,0.91668
1655,97,0.9380745,0.9164
1656,97,0.9381256,0.9198495
1657,97,0.9381503,0.91506
1658,97,0.93815887,0.92041
1659,98,1.3658851,1.3748
1660,98,1.3661066,1.3799
1661,98,1.3662456,1.383
1662,98,1.366371,1.3856
1663,98,1.3664893,1.374
1664,98,1.3665369,1.36891
1665,98,1.366618,1.37661
1666,98,1.3666441,1.37198
1667,98,1.3667009,1.3767
1668,98,1.3667467,1.36723
1669,98,1.366776,1.37092
1670,98,1.3668021,1.372
1671,98,1.3667538,1.3717
1672,98,1.3667604,1.38
1673,98,1.3667655,1.3654
1674,98,1.3667694,1.35928
1675,99,0.9411767,0.9478
1676,99,0.9412832,0.94791
1677,99,0.9413409,0.94464
1678,99,0.9413226,0.9382
1679,99,0.9412863,0.93254
1680,99,0.94122326,0.9322
1681,99,0.94120026,0.94499
1682,99,0.94110703,0.94215
1683,99,0.94119227,0.9299
1684,99,0.94114494,0.93291
1685,99,0.9411967,0.92825
1686,99,0.941312,0.92001
1687,99,0.9411845,0.92293
1688,99,0.9411855,0.9275
1689,99,0.94118404,0.92537
1690,99,0.94118124,0.92257
1691,100,0.93079805,0.9199
1692,100,0.9307374,0.91253
1693,100,0.93068016,0.9145
1694,100,0.9306416,0.93126
1695,100,0.9306082,0.929
1696,100,0.93058586,0.9228
1697,100,0.9305658,0.92922
1698,100,0.93055654,0.9217
1699,100,0.93055487,0.91668
1700,100,0.9305436,0.9164
1701,100,0.93053544,0.9198495
1702,100,0.9305352,0.91506
1703,100,0.9305467,0.92041
1704,100,0.9305461,0.91823
1705,100,0.9305457,0.9132
1706,101,0.8303245,0.82183
1707,101,0.83032674,0.82291
1708,101,0.8303318,0.82863
1709,101,0.83033943,0.8256411
1710,101,0.83034736,0.8208
1711,101,0.83035594,0.81468
1712,101,0.8303618,0.81794
1713,101,0.8303669,0.8145
1714,101,0.83037287,0.81423
1715,101,0.8303783,0.8177952
1716,101,0.8303817,0.8132
1717,101,0.83038056,0.811
1718,101,0.83037394,0.81218
1719,101,0.8303739,0.80728
1720,101,0.83037376,0.8099789
1721,101,0.83037376,0.80509
1722,102,0.9499738,0.94499
1723,102,0.94476604,0.94215
1724,102,0.93654037,0.9299
1725,102,0.93411684,0.93291
1726,102,0.93193805,0.92825
1727,102,0.9312984,0.92001
1728,102,0.9438677,0.92293
1729,102,0.95267785,0.9275
1730,102,0.9459077,0.92537
1731,102,0.9370767,0.92257
1732,102,0.9336022,0.92225
1733,102,0.9311764,0.91704
1734,102,0.93108016,0.9198
1735,102,0.94933563,0.91683
1736,102,0.9532599,0.91257
1737,102,0.94512117,0.91715
1738,103,0.94318134,0.93126
1739,103,0.93157756,0.929
1740,103,0.91971624,0.9228
1741,103,0.91435397,0.92922
1742,103,0.91147345,0.9217
1743,103,0.9110064,0.91668
1744,103,0.91488063,0.9164
1745,103,0.9478213,0.9198495
1746,103,0.94978017,0.91506
1747,103,0.92803305,0.92041
1748,103,0.91625494,0.91823
1749,103,0.9121631,0.9132
1750,103,0.9112268,0.9147
1751,103,0.91222864,0.91279
1752,103,0.9359539,0.90555
1753,103,0.95387447,0.90637
1754,104,0.9342871,0.9299
1755,104,0.9375802,0.93291
1756,104,0.9426293,0.92825
1757,104,0.9422847,0.92001
1758,104,0.9353887,0.92293
1759,104,0.93565327,0.9275
1760,104,0.94007725,0.92537
1761,104,0.9430555,0.92257
1762,104,0.94030124,0.92225
1763,104,0.93639797,0.91704
1764,104,0.9371162,0.9198
1765,104,0.9405533,0.91683
1766,104,0.94189584,0.91257
1767,104,0.93869054,0.91715
1768,104,0.9363113,0.91574
1769,105,1.4778221,1.4788524
1770,105,1.4785019,1.48876
1771,105,1.4813266,1.4973422
1772,105,1.4824952,1.49303
1773,105,1.4835173,1.49663
1774,105,1.4853606,1.5029
1775,105,1.489431,1.5015
1776,105,1.493691,1.4910685
1777,105,1.4978145,1.49645
1778,105,1.5034401,1.4888
1779,105,1.5100042,1.4948
1780,105,1.5044366,1.47347
1781,105,1.5033003,1.47918
1782,105,1.5032053,1.4888707
1783,105,1.5033034,1.4979
1784,106,1.3723916,1.3654
1785,106,1.372295,1.35928
1786,106,1.3722808,1.35663
1787,106,1.3723015,1.35219
1788,106,1.3722664,1.3524
1789,106,1.3722658,1.34369
1790,106,1.3722322,1.34382
1791,106,1.3722683,1.3452
1792,106,1.3722768,1.3495
1793,106,1.3722777,1.3556
1794,106,1.3722804,1.35034
1795,106,1.3722252,1.34633
1796,106,1.3722762,1.344
1797,106,1.3722752,1.334
1798,106,1.3722749,1.3515
1799,106,1.3722748,1.3392
1800,107,1.4857975,1.47347
1801,107,1.486085,1.47918
1802,107,1.4860796,1.4888707
1803,107,1.4858271,1.4979
1804,107,1.4856559,1.4988
1805,107,1.4853646,1.504
1806,107,1.4848753,1.5030361
1807,107,1.4844028,1.4927601
1808,107,1.4842247,1.47399
1809,107,1.4838792,1.4907573
1810,107,1.4837592,1.4928
1811,107,1.4834571,1.4846267
1812,107,1.4837784,1.4912019
1813,107,1.4837276,1.48295
1814,107,1.4836631,1.4938751
1815,107,1.4835949,1.49167
1816,108,0.914834,0.92002
1817,108,0.9148126,0.91602
1818,108,0.91479176,0.9091
1819,108,0.91477585,0.9046
1820,108,0.9147591,0.9005
1821,108,0.91475433,0.91533
1822,108,0.91474193,0.91113
1823,108,0.914737,0.91307
1824,108,0.9147429,0.9115
1825,108,0.914737,0.901
1826,108,0.91473466,0.90437
1827,108,0.91474867,0.91089
1828,108,0.91473496,0.9052
1829,108,0.9147347,0.90645
1830,108,0.9147346,0.8986
1831,108,0.9147344,0.91164
1832,109,1.3433487,1.3515
1833,109,1.3433596,1.3392
1834,109,1.3433712,1.33909
1835,109,1.3433843,1.34682
1836,109,1.3433938,1.34808
1837,109,1.3433993,1.3675
1838,109,1.3434,1.3531
1839,109,1.3433958,1.36184
1840,109,1.3433937,1.36307
1841,109,1.3433931,1.35997
1842,109,1.3433931,1.3651
1843,109,1.3433989,1.35521
1844,109,1.3433946,1.36201
1845,109,1.3433946,1.3631
1846,109,1.3433946,1.35237
1847,110,0.9070008,0.91533
1848,110,0.90708435,0.91113
1849,110,0.90714794,0.91307
1850,110,0.9072003,0.9115
1851,110,0.9072341,0.901
1852,110,0.90725553,0.90437
1853,110,0.9072725,0.91089
1854,110,0.90727293,0.9052
1855,110,0.9072708,0.90645
1856,110,0.90727067,0.8986
1857,110,0.9072734,0.91164
1858,110,0.90728,0.9081
1859,110,0.90727526,0.90342
1860,110,0.90727484,0.90717
1861,110,0.90727466,0.8919
1862,110,0.90727466,0.9092
1863,111,1.3542678,1.3675
1864,111,1.3542657,1.3531
1865,111,1.3541822,1.36184
1866,111,1.3541719,1.36307
1867,111,1.3542264,1.35997
1868,111,1.3543196,1.3651
1869,111,1.3545424,1.35521
1870,111,1.3545505,1.36201
1871,111,1.3547049,1.3631
1872,111,1.354856,1.35237
1873,111,1.3549296,1.3474
1874,111,1.3549914,1.3372
1875,111,1.3548799,1.33751
1876,111,1.354883,1.33721
1877,111,1.3548864,1.3495
1878,112,0.9082282,0.901
1879,112,0.9081666,0.90437
1880,112,0.9081467,0.91089
1881,112,0.9080375,0.9052
1882,112,0.9079634,0.90645
1883,112,0.9079517,0.8986
1884,112,0.90797436,0.91164
1885,112,0.9080215,0.9081
1886,112,0.90794337,0.90342
1887,112,0.90790874,0.90717
1888,112,0.9078637,0.8919
1889,112,0.9078398,0.9092
1890,112,0.9079063,0.91198
1891,112,0.9079025,0.91046
1892,112,0.9078993,0.91635
1893,113,1.3561378,1.3531
1894,113,1.3560905,1.36184
1895,113,1.3560803,1.36307
1896,113,1.3560973,1.35997
1897,113,1.3561298,1.3651
1898,113,1.3562032,1.35521
1899,113,1.3562094,1.36201
1900,113,1.356258,1.3631
1901,113,1.3563013,1.35237
1902,113,1.3563225,1.3474
1903,113,1.3563404,1.3372
1904,113,1.3563157,1.33751
1905,113,1.3563225,1.33721
1906,113,1.3563225,1.3495
1907,113,1.3563228,1.3654
1908,113,1.3563231,1.3466
1909,114,0.9055846,0.91164
1910,114,0.9055987,0.9081
1911,114,0.90558004,0.90342
1912,114,0.90556914,0.90717
1913,114,0.90555245,0.8919
1914,114,0.9055413,0.9092
1915,114,0.9055521,0.91198
1916,114,0.90555596,0.91046
1917,114,0.9055438,0.91635
1918,114,0.90554523,0.914
1919,114,0.90554416,0.9195
1920,114,0.9055604,0.92033
1921,114,0.90554476,0.92265
1922,114,0.9055447,0.92804
1923,114,0.90554464,0.9238
1924,114,0.9055446,0.92499
1925,115,0.88612247,0.88336
1926,115,0.88604134,0.88528
1927,115,0.8893089,0.8972
1928,115,0.8968481,0.88992
1929,115,0.9016732,0.89015
1930,115,0.8945029,0.8893
1931,115,0.8902336,0.89405
1932,115,0.88660616,0.8984576
1933,115,0.88583696,0.89545
1934,115,0.8866932,0.89634
1935,115,0.89259344,0.89858
1936,115,0.89798254,0.90487
1937,115,0.90273947,0.89953
1938,115,0.9014938,0.8981
1939,115,0.89201957,0.90144
1940,115,0.8868007,0.90423
1941,116,0.8967086,0.8972
1942,116,0.88997304,0.88992
1943,116,0.8869863,0.89015
1944,116,0.8857215,0.8893
1945,116,0.88496023,0.89405
1946,116,0.88652813,0.8984576
1947,116,0.8985343,0.89545
1948,116,0.89041644,0.89634
1949,116,0.8867687,0.89858
1950,116,0.88572687,0.90487
1951,116,0.88500243,0.89953
1952,116,0.8855838,0.8981
1953,116,0.8950703,0.90144
1954,116,0.8925326,0.90423
1955,116,0.88746744,0.90508
1956,117,0.9007799,0.8919
1957,117,0.9007077,0.9092
1958,117,0.9007029,0.91198
1959,117,0.9006727,0.91046
1960,117,0.9005979,0.91635
1961,117,0.9005599,0.914
1962,117,0.900512,0.9195
1963,117,0.9005204,0.92033
1964,117,0.9004309,0.92265
1965,117,0.9003672,0.92804
1966,117,0.9003418,0.9238
1967,117,0.90028435,0.92499
1968,117,0.9003595,0.9284
1969,117,0.90035564,0.9296
1970,117,0.90035236,0.9325
1971,118,0.9019854,0.9092
1972,118,0.9027946,0.91198
1973,118,0.9025644,0.91046
1974,118,0.9026183,0.91635
1975,118,0.90260506,0.914
1976,118,0.902608,0.9195
1977,118,0.90260667,0.92033
1978,118,0.9026076,0.92265
1979,118,0.9026081,0.92804
1980,118,0.9026082,0.9238
1981,118,0.90260875,0.92499
1982,118,0.9026074,0.9284
1983,118,0.9026082,0.9296
1984,118,0.90260804,0.9325
1985,118,0.9026081,0.9317
1986,118,0.9026081,0.93395
1987,119,1.3578535,1.3495
1988,119,1.3639808,1.3654
1989,119,1.3626541,1.3466
1990,119,1.3562617,1.34771
1991,119,1.3505143,1.34667
1992,119,1.3459074,1.34977
1993,119,1.3418201,1.3493
1994,119,1.3400614,1.3503
1995,119,1.3397355,1.34994
1996,119,1.342636,1.3589
1997,119,1.3527796,1.36434
1998,119,1.3616909,1.34146
1999,119,1.3618501,1.36036
2000,119,1.3564683,1.35996
2001,119,1.3502254,1.35654
2002,119,1.3452606,1.3443
2003,120,1.3506843,1.3654
2004,120,1.3505565,1.3466
2005,120,1.3505528,1.34771
2006,120,1.350554,1.34667
2007,120,1.3505532,1.34977
2008,120,1.3505495,1.3493
2009,120,1.3505456,1.3503
2010,120,1.3505417,1.34994
2011,120,1.3505435,1.3589
2012,120,1.3505466,1.36434
2013,120,1.3505509,1.34146
2014,120,1.3505528,1.36036
2015,120,1.3505498,1.35996
2016,120,1.3505498,1.35654
2017,120,1.3505498,1.3443
2018,121,1.3532585,1.3466
2019,121,1.352907,1.34771
2020,121,1.3527911,1.34667
2021,121,1.3525133,1.34977
2022,121,1.3521985,1.3493
2023,121,1.3521719,1.3503
2024,121,1.3522866,1.34994
2025,121,1.3526583,1.3589
2026,121,1.3530096,1.36434
2027,121,1.3533554,1.34146
2028,121,1.353427,1.36036
2029,121,1.3531411,1.35996
2030,121,1.353285,1.35654
2031,121,1.3532788,1.3443
2032,121,1.3532821,1.33266
2033,121,1.3532895,1.34483
2034,122,1.3548591,1.34146
2035,122,1.3548667,1.36036
2036,122,1.3548205,1.35996
2037,122,1.3548527,1.35654
2038,122,1.3548787,1.3443
2039,122,1.3549074,1.33266
2040,122,1.3549235,1.34483
2041,122,1.3549411,1.33981
2042,122,1.3549544,1.3371
2043,122,1.3549677,1.3361
2044,122,1.3549527,1.3401
2045,122,1.354925,1.33632
2046,122,1.3549781,1.33142
2047,122,1.3549783,1.33272
2048,122,1.3549787,1.3222
2049,123,1.35547,1.36036
2050,123,1.3554325,1.35996
2051,123,1.3554516,1.35654
2052,123,1.3554688,1.3443
2053,123,1.3554902,1.33266
2054,123,1.3555032,1.34483
2055,123,1.3555181,1.33981
2056,123,1.3555307,1.3371
2057,123,1.3555446,1.3361
2058,123,1.3555365,1.3401
2059,123,1.3555132,1.33632
2060,123,1.355549,1.33142
2061,123,1.3555374,1.33272
2062,123,1.3555375,1.3222
2063,123,1.3555378,1.3223
2064,123,1.3555379,1.321
2065,124,1.340726,1.34483
2066,124,1.3406811,1.33981
2067,124,1.3406296,1.3371
2068,124,1.3405787,1.3361
2069,124,1.3405117,1.3401
2070,124,1.340439,1.33632
2071,124,1.3404227,1.33142
2072,124,1.3403676,1.33272
2073,124,1.3403182,1.3222
2074,124,1.3402797,1.3223
2075,124,1.3402706,1.321
2076,124,1.3402874,1.32247
2077,124,1.3402764,1.31601
2078,124,1.3402749,1.31468
2079,124,1.3402737,1.3212
2080,124,1.3402728,1.31506
2081,125,0.9050069,0.8987
2082,125,0.90501684,0.9032232
2083,125,0.90502185,0.90857
2084,125,0.9050223,0.90525
2085,125,0.90502393,0.90005
2086,125,0.90502185,0.89167
2087,125,0.9050124,0.8934
2088,125,0.9050108,0.89578
2089,125,0.9050023,0.89764
2090,125,0.9049999,0.89245
2091,125,0.9049948,0.89487
2092,125,0.90498304,0.8966
2093,125,0.9049987,0.89574
2094,125,0.9049988,0.89375
2095,125,0.9049987,0.89671
2096,125,0.9049987,0.89918
2097,126,0.89867747,0.89167
2098,126,0.89852566,0.8934
2099,126,0.89841235,0.89578
2100,126,0.8982615,0.89764
2101,126,0.8981389,0.89245
2102,126,0.89800143,0.89487
2103,126,0.8978315,0.8966
2104,126,0.8978052,0.89574
2105,126,0.8977135,0.89375
2106,126,0.8975379,0.89671
2107,126,0.89740974,0.89918
2108,126,0.89736825,0.8949
2109,126,0.8974638,0.8959
2110,126,0.8974389,0.89677
2111,126,0.89741665,0.8985
2112,126,0.89739656,0.8953
2113,127,1.3182858,1.30768
2114,127,1.3181732,1.32476
2115,127,1.3180565,1.32232
2116,127,1.3179731,1.32849
2117,127,1.3178567,1.33647
2118,127,1.3179035,1.3295
2119,127,1.3179779,1.3273
2120,127,1.3178856,1.32287
2121,127,1.3179477,1.3183
2122,127,1.3178891,1.31124
2123,127,1.3176928,1.3229
2124,127,1.3175135,1.32013
2125,127,1.3177813,1.31663
2126,127,1.3177664,1.31629
2127,127,1.3177543,1.31739
2128,128,1.3193235,1.32476
2129,128,1.3193145,1.32232
2130,128,1.3193061,1.32849
2131,128,1.3192884,1.33647
2132,128,1.3193078,1.3295
2133,128,1.3193346,1.3273
2134,128,1.3193257,1.32287
2135,128,1.3193504,1.3183
2136,128,1.3193506,1.31124
2137,128,1.3193195,1.3229
2138,128,1.3192849,1.32013
2139,128,1.3193504,1.31663
2140,128,1.3193219,1.31629
2141,128,1.3193219,1.31739
2142,128,1.319322,1.3229
2143,128,1.319322,1.31747
2144,129,0.87625366,0.86659
2145,129,0.87591815,0.8591
2146,129,0.87559354,0.8630357
2147,129,0.87527555,0.86031
2148,129,0.87500525,0.85772
2149,129,0.8747468,0.8577
2150,129,0.87449545,0.86623
2151,129,0.87424815,0.8657436
2152,129,0.8740424,0.86989
2153,129,0.8739013,0.86455
2154,129,0.87379515,0.86156
2155,129,0.87374604,0.8687
2156,129,0.8737903,0.8699206
2157,129,0.8737554,0.87161
2158,129,0.8737261,0.87239
2159,129,0.87370175,0.8771
2160,130,1.4878659,1.47215
2161,130,1.487757,1.45167
2162,130,1.4875948,1.4617746
2163,130,1.4874572,1.4684072
2164,130,1.487363,1.4677176
2165,130,1.4872828,1.47678
2166,130,1.4872255,1.47525
2167,130,1.4871422,1.4854427
2168,130,1.4870443,1.4850015
2169,130,1.4870104,1.4732965
2170,130,1.4869682,1.4790711
2171,130,1.4869442,1.4898467
2172,130,1.4870082,1.5035333
2173,130,1.4870025,1.4889372
2174,130,1.4869977,1.51108
2175,130,1.4869939,1.5287247
2176,131,0.9041201,0.89759
2177,131,0.90386325,0.89096
2178,131,0.90357214,0.889
2179,131,0.9032658,0.88985
2180,131,0.90300196,0.89059
2181,131,0.9027587,0.89244
2182,131,0.90253717,0.89808
2183,131,0.90234476,0.8981
2184,131,0.90220404,0.90388
2185,131,0.9021232,0.90495
2186,131,0.9020681,0.90267
2187,131,0.90202564,0.91087
2188,131,0.90203595,0.9064
2189,131,0.90200776,0.9092
2190,131,0.9019843,0.90842
2191,131,0.90196526,0.91374
2192,132,1.4723392,1.45167
2193,132,1.4713976,1.4617746
2194,132,1.4704913,1.4684072
2195,132,1.4697253,1.4677176
2196,132,1.4689859,1.47678
2197,132,1.468321,1.47525
2198,132,1.4675391,1.4854427
2199,132,1.4667004,1.4850015
2200,132,1.4661323,1.4732965
2201,132,1.4655491,1.4790711
2202,132,1.4650639,1.4898467
2203,132,1.4649475,1.5035333
2204,132,1.4651339,1.4889372
2205,132,1.4649674,1.51108
2206,132,1.4648206,1.5287247
2207,132,1.4646933,1.52418
2208,133,0.76793754,0.76168
2209,133,0.76775193,0.7637669
2210,133,0.7675513,0.76497
2211,133,0.76737225,0.76721
2212,133,0.76719916,0.7728
2213,133,0.7670393,0.77683
2214,133,0.76688004,0.7777864
2215,133,0.7667451,0.78048
2216,133,0.7666573,0.7756
2217,133,0.76658684,0.77354
2218,133,0.7665473,0.78163
2219,133,0.76653165,0.7783918
2220,133,0.7665599,0.77929
2221,133,0.76655024,0.78154
2222,133,0.76654196,0.7862
2223,133,0.7665351,0.7863
2224,134,0.8611265,0.86623
2225,134,0.861206,0.8657436
2226,134,0.86125463,0.86989
2227,134,0.86128366,0.86455
2228,134,0.8612999,0.86156
2229,134,0.8613069,0.8687
2230,134,0.86130756,0.8699206
2231,134,0.8613058,0.87161
2232,134,0.861306,0.87239
2233,134,0.8613051,0.8771
2234,134,0.861304,0.87431
2235,134,0.86130375,0.8723721
2236,134,0.86130625,0.87289
2237,134,0.8613061,0.87556
2238,134,0.86130595,0.8769
2239,134,0.86130595,0.87679
2240,135,0.77711195,0.78163
2241,135,0.7772886,0.7783918
2242,135,0.77751565,0.77929
2243,135,0.77768797,0.78154
2244,135,0.7778241,0.7862
2245,135,0.77792346,0.7863
2246,135,0.77796775,0.784
2247,135,0.7779782,0.7823
2248,135,0.7779818,0.78469
2249,135,0.7779647,0.78602
2250,135,0.77798754,0.78923
2251,135,0.7780242,0.7877117
2252,135,0.77799624,0.78826
2253,135,0.7780054,0.78737
2254,135,0.77801234,0.78565
2255,135,0.77801704,0.78446
2256,136,1.5018681,1.51108
2257,136,1.5021371,1.5287247
2258,136,1.5024151,1.52418
2259,136,1.5026159,1.5181
2260,136,1.5028263,1.52147
2261,136,1.5029547,1.53053
2262,136,1.5030782,1.5301516
2263,136,1.5032634,1.53553
2264,136,1.5033988,1.5378
2265,136,1.5034682,1.54126
2266,136,1.5034648,1.5486109
2267,136,1.503538,1.55911
2268,136,1.5034982,1.56091
2269,136,1.5035062,1.5676
2270,136,1.5035131,1.55916
2271,136,1.5035186,1.55644
2272,137,0.7890111,0.7941
2273,137,0.78906596,0.7949758
2274,137,0.7889443,0.79293
2275,137,0.7889263,0.79136
2276,137,0.7888901,0.78669
2277,137,0.7889236,0.78916
2278,137,0.78907305,0.794281176
2279,137,0.7892946,0.792141952
2280,137,0.7894742,0.79551
2281,137,0.78972477,0.79998
2282,137,0.78988796,0.80156
2283,137,0.79002005,0.802181935
2284,137,0.7898255,0.79938
2285,137,0.7898409,0.80051
2286,137,0.78985727,0.80063
2287,137,0.78988206,0.80635
2288,138,1.5750252,1.58325549
2289,138,1.5546569,1.5898
2290,138,1.5747766,1.57781
2291,138,1.5761915,1.571561032
2292,138,1.5760727,1.579030475
2293,138,1.575559,1.58108
2294,138,1.5676323,1.583280557
2295,138,1.5547167,1.578133384
2296,138,1.5544009,1.572277601
2297,138,1.554702,1.5881
2298,138,1.575715,1.57886
2299,138,1.5765283,1.57803377
2300,138,1.5757583,1.569365976
2301,138,1.5739217,1.57796
2302,138,1.5757912,1.557001837
2303,138,1.5756332,1.55548
2304,139,0.8231357,0.8208
2305,139,0.8234148,0.824674254
2306,139,0.8197346,0.8188
2307,139,0.8157926,0.8211
2308,139,0.8135133,0.82358
2309,139,0.8125587,0.82398
2310,139,0.813052,0.822977533
2311,139,0.81648296,0.816353187
2312,139,0.82477254,0.8221
2313,139,0.82490987,0.82626
2314,139,0.8206489,0.82393
2315,139,0.8160702,0.824470278
2316,139,0.8137264,0.822016901
2317,139,0.8126114,0.82296
2318,139,0.8130548,0.82087
2319,139,0.81682146,0.82028
2320,140,1.5681059,1.557001837
2321,140,1.5680866,1.55548
2322,140,1.5680077,1.5352
2323,140,1.5679071,1.541069502
2324,140,1.5677812,1.554726368
2325,140,1.5676886,1.560671089
2326,140,1.5676426,1.5713
2327,140,1.5674459,1.5716
2328,140,1.5673248,1.566906926
2329,140,1.5672048,1.5385
2330,140,1.5671806,1.534919417
2331,140,1.5670533,1.5454
2332,140,1.5671788,1.534919417
2333,140,1.5671682,1.52425
2334,140,1.5671575,1.524785386
2335,140,1.5671474,1.5284
2336,141,0.8160992,0.808015514
2337,141,0.81602615,0.81008
2338,141,0.8159525,0.81355
2339,141,0.8159364,0.81393
2340,141,0.81584334,0.81853
2341,141,0.8156857,0.818214977
2342,141,0.8155442,0.81431
2343,141,0.81538236,0.80035
2344,141,0.8152521,0.805
2345,141,0.8150998,0.80548
2346,141,0.81498694,0.802697062
2347,141,0.81488895,0.799411633
2348,141,0.8150368,0.7971
2349,141,0.81501204,0.80064
2350,141,0.8149878,0.7979
2351,142,0.9385304,0.9312
2352,142,0.9384217,0.9327
2353,142,0.9383242,0.93492
2354,142,0.9383096,0.93357
2355,142,0.93818,0.93743
2356,142,0.93800545,0.9332
2357,142,0.93782574,0.93442
2358,142,0.93767,0.91925
2359,142,0.93757015,0.9211
2360,142,0.93741214,0.9212
2361,142,0.93727136,0.9159
2362,142,0.93718404,0.91363
2363,142,0.9373052,0.9159
2364,142,0.937274,0.9182
2365,142,0.9372448,0.9169
2366,143,0.9289343,0.91925
2367,143,0.9289057,0.9211
2368,143,0.92886585,0.9212
2369,143,0.9288237,0.9159
2370,143,0.92878485,0.91363
2371,143,0.9287737,0.9159
2372,143,0.92876285,0.9182
2373,143,0.928749,0.9169
2374,143,0.92873985,0.9132
2375,143,0.92871773,0.91244
2376,143,0.9287044,0.90871
2377,143,0.92868364,0.9112
2378,143,0.9287144,0.9181
2379,143,0.9287137,0.9179
2380,143,0.928713,0.9227
2381,143,0.92871255,0.9263
2382,144,0.80967605,0.80035
2383,144,0.80948585,0.805
2384,144,0.80927265,0.80548
2385,144,0.8090835,0.802697062
2386,144,0.80890435,0.799411633
2387,144,0.80888504,0.7971
2388,144,0.8088354,0.80064
2389,144,0.80873996,0.7979
2390,144,0.80864257,0.793461874
2391,144,0.80849224,0.79141
2392,144,0.8083565,0.78657
2393,144,0.8082831,0.78766
2394,144,0.8083939,0.79166
2395,144,0.8083708,0.787401575
2396,144,0.8083507,0.79151
2397,144,0.80833393,0.79397
2398,145,1.558454,1.5385
2399,145,1.5583237,1.534919417
2400,145,1.5580797,1.5454
2401,145,1.5581168,1.534919417
2402,145,1.5581802,1.52425
2403,145,1.5584819,1.524785386
2404,145,1.558681,1.5284
2405,145,1.5587028,1.524367007
2406,145,1.55865,1.519064256
2407,145,1.5584767,1.51194
2408,145,1.5583092,1.502381274
2409,145,1.5582113,1.511144692
2410,145,1.5584718,1.513592057
2411,145,1.5584724,1.499475184
2412,145,1.5584747,1.511258879
2413,145,1.5584798,1.52555
2414,146,0.89736503,0.8891
2415,146,0.89726514,0.8871
2416,146,0.8971319,0.88845
2417,146,0.8970317,0.8855
2418,146,0.89693844,0.88439
2419,146,0.8968945,0.88333
2420,146,0.896854,0.88403
2421,146,0.89681524,0.88454
2422,146,0.89678735,0.882469645
2423,146,0.8967424,0.8799
2424,146,0.8967075,0.87707
2425,146,0.8966858,0.8732
2426,146,0.89673305,0.874619989
2427,146,0.89672554,0.87
2428,146,0.8967195,0.87252
2429,146,0.89671504,0.8749
2430,147,1.5153874,1.500217532
2431,147,1.515535,1.49211
2432,147,1.5155939,1.492537313
2433,147,1.5156245,1.4912
2434,147,1.5157826,1.47955
2435,147,1.5158318,1.48355
2436,147,1.5157623,1.471367194
2437,147,1.5156698,1.4704
2438,147,1.5156624,1.469702091
2439,147,1.5156327,1.465330285
2440,147,1.5155531,1.458789205
2441,147,1.5154585,1.464343242
2442,147,1.5156193,1.455201618
2443,147,1.5156218,
2444,147,1.5156231,
2445,147,1.5156238,
2446,148,0.79041183,0.78299
2447,148,0.7905616,0.787959972
2448,148,0.7905734,0.7903
2449,148,0.79064405,0.7855
2450,148,0.7906767,0.7911
2451,148,0.79069364,0.788332676
2452,148,0.7906943,0.787401575
2453,148,0.7907002,0.7871
2454,148,0.7906782,0.78565
2455,148,0.79061437,0.78111
2456,148,0.790461,0.78522
2457,148,0.7903213,0.785422557
2458,148,0.79056907,
2459,148,0.7905759,
2460,148,0.79057807,
2461,148,0.7905803,
2462,149,0.8504523,0.8425
2463,149,0.85027564,0.84337
2464,149,0.85013103,0.84071
2465,149,0.85002,
2466,149,0.8499226,
2467,149,0.84985,
2468,149,0.84980863,
2469,149,0.84976834,
2470,149,0.8497497,
2471,149,0.8497336,
2472,149,0.8497174,
2473,149,0.8497077,
2474,149,0.84972423,
2475,149,0.849722,
2476,149,0.84972036,
2477,149,0.84971917,
2478,150,1.3179772,1.30958
2479,150,1.3176796,
2480,150,1.3173782,
2481,150,1.3170673,
2482,150,1.3168318,
2483,150,1.3165694,
2484,150,1.3164068,
2485,150,1.3162348,
2486,150,1.3161223,
2487,150,1.3160812,
2488,150,1.3160282,
2489,150,1.3159486,
2490,150,1.3160299,
2491,150,1.3160039,
2492,150,1.3159815,
